input name,input phone,input website,input_facebook
,[],https://domain,
Greater Boston Zen Center,[],https://bostonzen.org,
MAZ Auto Glass,"['2025-04-04 14', '169.150.199.102']",https://mazautoglass.com,
Melatee,[],https://melatee.com,
Timent Technologies,[],https://timent.com,
Tlaloc Rivas,[],https://tlalocrivas.com,
Creative Business Associates,['310-650-6862'],https://creativebusinessassociates.com,https://www.facebook.com/paula.easton
Cumberland River,['2024 \n\n\n\n\n\n\n \n\n\n3'],https://cumberland-river.com,
The Verdant Porch,[],https://verdantporch.com,
Work It! Studio by WandaWoman,[],https://workitstudio.com,
Coffee-Homemachines,[],https://coffee-homemachines.club,
Mendiola's Gardening,[],https://mendiolagardening.com,
Thestonenc,[],https://thestonenc.com,https://www.facebook.com/thestonenc
Kansas Limousin Breeders Association,"['1235892853935518', '620-432-5056', '66710 \n      620-432-5056']",https://kansaslimousin.org,https://www.facebook.com/groups/1235892853935518/
Kkcger,[],https://kkcger.com,
MADDUX,[],https://maddux.pro,
Ohana Management Consulting,['949) 230-7919'],https://ohanaconsulting.net,
Postmodern Strings by Viol Consort,"['2022-07-11', '956 280 6706']",https://postmodern-strings.com,
Taka Partners,['818.583.7033'],https://takapartners.com,
Ambar Shop,[],https://techbarstore.com,
Top salon Hair Salon,[],https://top-salon-hair-salon.business.site,
DoLee Rentals Inc.,"['229) 436-9620', '229) 344-5037']",https://dolee-rentals.com,https://facebook.com/DoLee-Rentals-Inc-141860142549724
KNS Construction,['203-231-8300'],https://kns-construction.com,
Timothy Burger,[],https://timothyburger.com,
True Audio,"['865-494-3388', '1990-2024']",https://trueaudio.com,
Venture Media Agency,['732-535-4027'],https://venturemediaagency.com,https://www.facebook.com/venturemediadigital/
Garrett Wietholter,"['46075 \n\n\n\n\n\n\n\n\n\n\n\n\n\n\n\n\n\n\n\n\n\n\n\n\n\n\n\n\n\n\n\n\n\n\n\n\n\n\n\n\n\n\n\n\n\n\n\n\n\n\n\n\n\n\n\n\n\n\n\n\n                        5', '309-622-5001', '317) 873-8958', '61710-0001', '317) 873-3230']",https://garrettwietholter.com,https://www.facebook.com/153341281385570
Nashville United Church of Christ,[],https://nashvilleucc.org,
Out For Life Ministries,[],https://outforlifeministries.com,
Pacific Hackers Infosec,[],https://phack.org,https://www.facebook.com/PHackCon
Potomac Canine,[],https://potomaccanine.com,
Azure Skies Landscaping,[],https://azureskies.com,
Atlanta Couples Counseling,[],https://couplescounselingatlanta.com,
Phil's Expert,[],https://philstreeppc.com,
Romanthumbs,[],https://romanthumbs.com,
Top Crop Alliance,['812-614-0436'],https://topcropalliance.com,https://www.facebook.com/topcropagronomy
Gateway Dental,['817-858-6333'],https://smilesbygateway.com,
Solarecon,[],https://solarecon.wordpress.com,
Johnston's Clothiers,[],https://johnstons-clothiers.business.site,
Oh Happy Days Hatchet Throwing And More,[],https://ohhappydayshatchetthrowing.com,
Plumbing by DLT,['713-979-8345'],https://plumbingbydlt.com,https://www.facebook.com/Plumbing-By-DLT-217036568422674/
Complete Care Development Center LLC.,"['513-761-2232', '513-910-4998']",https://completecaredevelopmentcenter.com,https://www.facebook.com/CompleteCareDevelopment/
Kaleo Family Services,[],https://kaleofamilies.org,
Monahan Chiropractic Medical Clinics,"['904-824-8353', '32177386-328-2710', '32080904-824-8353']",https://monahanclinics.com,https://www.facebook.com/MonahanClinics
Samantha Brown,[],https://samantharaiderbrown.com,
Andrew Gibbons,[],https://beagibbons.com,
Getranx,[],https://getranx.com,
IAM Boeing Joint Programs Central Site Office,[],https://iam-boeing.com,
Roux 30a,['850) 213-0899'],https://roux30a.com,https://www.facebook.com/Roux30a
1 Laurel Lane,[],https://1laurellane.com,
AirPro Fork,[],https://airprofork.com,
Candy Bar Personal Bartending Services,[],https://candybartending.com,https://www.facebook.com/Candythebartender
Kelley Road Race,[],https://kelleyroadrace.com,
Marrs-Jones Funeral,[],https://marrs-jonesfuneralhome.com,
Mothers Soon To,[],https://motherssoontobe.com,
Palla Siding & Windows,[],https://palla-siding-and-windows.business.site,
Property Guys,[],https://propertyguysnj.com,
RCG Global TV Network,[],https://rcgglobaltv.com,
XV CAPITAL LLC.,[],https://rlosrivera.com,
Starcom Consulting,[],https://starcomconsulting.com,
Torget,['940-369-5116'],https://torget.org,
Cancer Support Community Delaware,[],https://cancersupportdelaware.org,
CryptoHomies Club,['1986-2025'],https://cryptohomiesclub.io,https://www.facebook.com/cryptohomiesnft
Jessica Ash Wellness,[],https://jessicaashwellness.com,https://www.facebook.com/jessicaashwellness
PC Touch Services,[],https://pctouchservices.com,http://www.facebook.com/home.php?#!/profile.php?id=100001414006599
Sharon King Hoge,[],https://sharonkinghoge.com,
SteppIR Communication Systems,[],https://steppir.com,
Highway One Real Estate,['805-235-2565'],https://highwayonerealestate.com,https://www.facebook.com/highway-one-realty-218737271556777/
Mina Stollery,[],https://minastollery.com,
A & M Window Cleaning,[],https://amwindowcleaning.org,
Cincy Scrubs,"['513-939-6007', '513-939-6007\n\n\n\n\n\n0']",https://cincyscrubs.com,https://www.facebook.com/cincyscrubs/
FIglass,['845-354-6074\n631-583-5644'],https://figlass.biz,
Horizons,"['402-512-5700', '47-0808100']",https://horizons.church,https://www.facebook.com/HorizonsCommunityChurch/
Good Horse,[],https://mygoodhorse.weebly.com,
Wombat Works,[],https://wombatworks.org,https://www.facebook.com/wombatworksllc
Your Hair Dynasty,[],https://yourhairdynasty.com,https://www.facebook.com/yourhairdynasty
Alpha Research Associates,[],https://alpha-research-associates-research-institute.business.site,
Maura Rains,[],https://annarborhomesrealtor.com,
A Step Above Flooring,"['843. 606. 0758', '2015-2016']",https://astepabovemb.com,https://www.facebook.com/A-Step-Above-Flooring-810287332403927/
Buchanan-edwards.online,[],https://buchanan-edwards.online,
BusiUp,[],https://busiup.com,
Clock Inc.,['309-558-0956'],https://clockinc.org,http://facebook.com/clock.inc.qc
Ocean Current,"['41753452773558', '41764048765110', '41697411236022', '42083523231926', '41719610835126', '42085727994038', '41697406812342', '42083787309238', '41588990935222', '42214266863798', '42083851403446', '42083861364918', '41869736476854', '41808282484918', '42111333138614', '39810173632694', '41764051910838', '41808267149494', '42083638902966', '42214348554422', '39810173599926', '41763974906038', '42083523330230', '41719750099126', '41763974873270', '42083523297462', '41719668375734', '42214258081974', '39810176647350', '41588821000374', '41596074623158', '41763974938806', '41588820967606', '39810174124214', '39810173567158', '39810176352438', '39810174386358', '42111291130038', '41709993164982', '41697908555958', '39810174517430', '42083778035894', '41753452871862', '41719668441270', '39810175434934', '41763986702518', '41719668408502', '42085728026806', '39810176417974', '39810174582966', '41719670964406', '41697413529782', '41719745478838', '41869736444086', '42214319390902', '42083778003126', '41808298475702', '39810176319670', '42085728059574', '41709993197750', '41808282452150', '42111291162806', '41719750164662', '39810173403318', '41753452806326', '41588821065910', '39810174419126', '42083777970358', '41697406779574', '42085728092342', '41808308142262', '42083861397686', '41764048797878', '41763986636982', '41808267182262', '42083523264694', '41697411137718', '41719668474038', '42083638935734', '42214266929334', '41719610900662', '42083861430454', '41869736509622', '41719750066358', '41764048732342', '42083638870198', '41697908621494', '41808308175030', '41753452839094', '41808298508470', '41697908523190', '42083861332150', '41764051845302', '41753452904630', '42214258016438', '41719610867894', '39810174451894', '42083787374774', '41719670931638', '42111333204150', '41709993263286', '39810173534390', '42083787342006', '41697411170486', '41719758487734', '42083851337910', '41808298442934', '41596074590390', '41588991033526', '41596074655926', '41719745380534', '42083851305142', '42214348456118', '39810176385206', '42083787276470', '41697908588726', '41588991000758', '41719670997174', '41764051878070', '41697406714038', '39810174550198', '42083777937590', '42214258049206', '42214319325366', '39810174353590', '42111291064502', '42214348488886', '41719758520502', '41719610933430', '41808267116726', '39810174615734', '42214319358134', '39810175500470', '39810175467702', '39810176614582', '39810173370550', '41719758422198', '39810176581814', '42111333171382', '41588990967990', '41808308240566', '41808267215030', '41763974971574', '39810175533238', '41808282419382', '41719745413302', '42214257983670', '42214319423670', '39810173436086', '41869736411318', '41697413562550', '41697411203254', '42214266962102', '41808282517686', '41808298541238', '42111291097270', '39810174025910', '42083638837430', '41764048830646', '41808308207798', '41763986735286', '39810176680118', '42083851370678', '41596074557622', '42214348521654', '41764051943606', '42111333105846', '41697406746806', '41719758454966', '41719745446070', '42214266896566', '41719671029942', '39810174058678', '41697413497014', '41763986669750', '41697413464246', '39810173468854', '41588821033142', '39810174091446', '41719750131894', '41709993230518']",https://oceancurrent.com,https://facebook.com/oceancurrent
Arnold Printed Communications,"['17603-4475', '717) 392-5491']",https://arnoldprint.com,
Deep Dive Counseling LLC.,[],https://deepdivecounseling.net,
Melan M Forcht Law Offices,[],https://forcht-law.com,
Gracie Humaitá Joplin,"['417) 850-6447', '417) 621-5639']",https://graciejoplin.com,https://www.facebook.com/graciejoplin
Italian Travel Promotion Council,[],https://itpc-usa.com,https://www.facebook.com/wix
Science Educators,[],https://scienceeducators.org,
Direct Drive Logistics - Milwaukee,['1.877.633.5045'],https://directdrivelogistics.com,
Gordon S Bernstein Photo,[],https://gsbphoto.com,
Pine Haven Resort,"['218-682-2547', '123456789101112', '2025-01-24']",https://pinehavenresort.com,https://www.facebook.com/HackCFC/
Cavachons of Oklahoma,[],https://cavachonsofoklahoma.com,
FUECID,[],https://fuecid.shop,
Janelles Restaurant,[],https://janellesrestaurant.com,
Peaceful Wolf Tai,[],https://peacefulwolftaichi.com,
Uomo Sport,['310.205.0407'],https://uomosport.com,https://www.facebook.com/UOMOSPORT2016/
Warnby,[],https://warnby.com,
The Residences Antioch,[],https://antiochassistedliving.com,
Sync Brokerage,"['800\n20378', '91316\n818.422.3831', '900\n18750', '53\n                            \n\n\n\n\n\n\n\n\n\n\n\n                            8.2', '302\n                            \n\n\n\n\n\n\n\n\n\n\n\n                            22.8', '126\n                            \n\n\n\n\n\n\n\n\n\n                            -0.8', '818.422.3831']",https://davidprieto.realestate,https://www.facebook.com/DPREServices/
G&Y GeneralWashServices Corp.,[],https://gygeneralservices.business.site,
Kick It Up Quilting,['022 - .025'],https://kickitupquilting.com,https://www.facebook.com/KickItUpQuilting/
Koi Mountain,[],https://koimountain.com,
Village at Novato,[],https://pinolevistareimagined.com,
KIND HEART,[],https://seamuspuppy.com,
AOP3D tech,"['9795466318074538', '781-507-1606']",https://aop3d.com,https://www.facebook.com/AOPthreeD
Off trail,['34567456789012'],https://off-trail.co,
Pro-Exec Staffing LLC.,['713-248-2245'],https://proexecstaffing.com,https://www.facebook.com/proexecstaffing
Stewart Grain,"['217) 759-7938', '765) 986-2254', '217-759-7938', '765-986-2254']",https://stewartgrain.com,
Truya Sushi,['95051(408) 244-4534'],https://truyasushica.com,
Izeetak,[],https://yingtexun.com,
'Cuse Camp,[],https://camilluscusecamp.com,
HYHP,[],https://hyhp.org,https://www.facebook.com/hawaiiyhp
R&R ROBOTIC TECHNOLOGY,[],https://rrrobotictec.com,
THE BEAUTY TEAM LLC.,['908-917-5233'],https://thebeautyteam.com,https://www.facebook.com/
Ben Higgins,[],https://justgooglebenhiggins.com,
Oregon Neighborhood Store Association,['503) 316-9638'],https://onsa.net,
Stitch and Cluck,[],https://stitchncluck.com,
Ascendant Software Technology,[],https://ascend-tech.us,
Bury Services,[],https://buryservices.com,
Cleaning Co.,[],https://cleaningsvccolumbiafalls.com,
Twin flame psychic,[],https://fortlaudedalepsychic.com,
Long Realty Blog,[],https://longrealty.com,
Milton GA Living,[],https://miltongeorgialiving.com,
Senior Men's Club,['15143\n\n412-741-9622'],https://smensclub.org,https://www.facebook.com/smensclub
Woodgate Apartments at Jordan Landing,"['844) 201-7843', '84084\n\n(844) 201-7843']",https://woodgateapts.net,https://www.facebook.com/sharer/sharer.php?u=https://www.woodgateapts.net&src=sdkpreparse
Crawford Production,[],https://crawfordproduction.com,
Fan Blade Designs,['208-720-4041'],https://fanbladedesigns.com,https://www.facebook.com/pages/Fan-Blade-Designs/1414707588783035
Ghost Mountain,[],https://ghostmountain.org,
Lequedagua,['212 317 004'],https://lequedagua.com,https://www.facebook.com/lequedagua.lda/
LisinoprilFST,[],https://lisinoprilfst.com,
Nature's Beauty Water Gardens,['65340660-229-3777'],https://nbwatergardens.com,
Semilla Center,['2024\t\t\t\t\t\t\t\t\t\t\n\n\n 0'],https://semillacenter.org,https://www.facebook.com/SemillaCenter/
JRM designcreative,[],https://jrmatheny.com,
Made By Josy,[],https://madebyjosy.com,
Philippineflowers,"['2000-2025', '+63\r\n\t\t\t\t    . 10']",https://philippineflowers.com,
St Paul's United Methodist,['816) 331-6444'],https://stpunited.org,https://www.facebook.com/stpunited/
The Thrifty Hijabi,[],https://thethriftyhijabi.com,
Time Music Group,[],https://timemusicgroupnyc.com,
2701 James M wood,"['2021 2701', '213-247-4210']",https://2701jamesmwood.com,
Behind the White Beard,[],https://behindthewhitebeard.com,
Cal Coast Jewelry Appraisers,['760-504-6343'],https://calcoastjewelryappraisers.com,https://www.facebook.com/CalCoastJewelryAppraisers/
Flora Ottimer,[],https://floraottimer.com,http://facebook.com/floraottimer
INFINITI of SOUTH,[],https://infinitiofsouthatlanta.com,
Johnson Creek RV Resort,"['830) 367-3300', '830-367-3300']",https://johnsoncreekrvresort.com,https://www.facebook.com/johnsoncreekrvresortpark
LikeTelevision,[],https://liketelevision.com,
Talking Parents,[],https://talkingparents.com,https://www.facebook.com/TalkingParents/
All Clean Homes,[],https://allcleanhomes.com,
Erica Hill,[],https://ericamhill.com,
Nancy Epstein Hypnosis HealthWorks,['310) 404-1256'],https://hypnosishealthworks.com,
Wild Native Gardens,"['207.653.9334', '207-653-9334']",https://rewildyourgarden.com,https://www.facebook.com/kdbgardenrewilder/
SHAKE PRO SOLUTIONS LLC.,[],https://shakeprosolutions.com,https://www.facebook.com/ShakeProSolutions/
Themarketinggroupaz,[],https://themarketinggroupaz.com,
ViruStar LLC.,[],https://virustarllc.com,
Continental Fresh,['305-860-9611'],https://continentalfresh.com,
Marble Polishing Miami,[],https://marblepolishingmiami.net,
Tornado Baseball Tarining,[],https://tornadobaseball.com,
Hollingshead Dearden Associates,['310.378.5700'],https://hdnavalue.com,https://www.facebook.com/pages/Hollingshead-Dearden-Associates/848956838453944
Mojo Parker,"['09\n\n\n\n\n\n\n \n      10', '38\n\n\n\n\n\n\n \n      7', '14\n\n\n\n\n\n\n \n      2', '21\n\n\n\n\n\n\n \n      5', '10\n\n\n\n\n\n\n \n      9', '1\n\n\n2\n\n\n3', '13\n\n\n\n\n\n\n \n      4', '44\n\n\n\n\n\n\n \n      3', '50\n\n\n\n\n\n\n \n      6', '51\n\n\n\n\n\n\n \n      8']",https://mojoparker.com,https://www.facebook.com/mojoparker
ProofPass,[],https://proofpass.com,
RGaines Web Development,['816) 974-7493'],https://rgaineswebdevelopment.com,
Spy Newsletter,[],https://spynewsletter.com,
Charlies Pro Shop,['727) 397-3947'],https://charliesproshop.com,
Grocery Store Tempalate,[],https://haqelyaqeen.com,
Geschenke zur Schwangerschaft,[],https://mutterpasshuellen.eu,
The Neumann Project,[],https://theneumannproject.com,
Vibrant Life Aquaponics,"['80538970.222.5917', '970) 222.5917']",https://vibrantlifefarms.com,https://www.facebook.com/vibrantlifefarms
VIP Smart Homes Inc.,[],https://vipsmarthomes.com,
JSD Agency,[],https://jsdagency.com,
Sunnova Solar Oakland,[],https://sunnova-solar-oakland.business.site,
Tevis Denise,[],https://tevisdenise.com,https://www.facebook.com/tevis.denise
Badger Toyotalift,[],https://badgertoyotalift.com,
Bettoli Real Estate,"['305) 356-7440\n1-844', '305) 356-7440']",https://bettoli.realtor,https://facebook.com/NARdotRealtor
Greg Gardner's Barber Shop,"['814) 267-3226', '814) 267-3226511']",https://greggardnersbarbershop.com,
Haute Salon,['573-634-7476'],https://hautesalonjc.com,https://www.facebook.com/hautesalon
Rope Scan,['701) 478-6666'],https://ropescan.us,
Sara Cott MSW LCSW,"['404-850-1270', '30030\n404-850-1270']",https://saracott.com,
Dumpster Rental Alhambra,"['2025-04-04 14', '169.150.199.102']",https://dumpsterrentalalhambraca.com,
Fyn Real Estate Services,[],https://fynres.com,
Hubbard Studios,[],https://hubbardstudios.com,
Roush Detailing,[],https://roushdetailingllc.com,https://www.facebook.com/RoushDetailingLLC
Salina Siding Company,"['785) 390-8822', '785-390-8822']",https://salinasidingcompany.com,https://www.facebook.com/Salina-Siding-Company-104405568676524
Arise Presbyterian Church,[],https://arisepca.com,http://www.facebook.com/ArisePCA
Hair by Kole,[],https://hairbykole.com,
Bundles By Bassett,[],https://bundlesbybassett.com,
Documents And Forms,[],https://documentsandforms.com,https://www.facebook.com/sharer/sharer.php?u=https%3A%2F%2Fdocumentsandforms.com%2Fdownloads%2Farticles-of-incorporation-2025-basic-series-free%2F
Line Of Tecnologia,[],https://lineoftecnologia.com,
Mikesagfencerepair,"['240)  285-6648', '240) 285-6648']",https://mikesagfencerepair.com,https://www.facebook.com/Mikes-Agriculture-Fence-Repair-101798072153722/?ref=page_internal
Soothe Your Soul Massage LLC.,[],https://sootheyoursoulmassage.com,
That Paint Girl,[],https://thatpaintgirl.com,
C&G LLC- Air Heating and Cooling Services,[],https://cgllcairheatingandcoolingservices.business.site,
Cline Jewelers,['425) 673-9090'],https://clinejewelers.com,https://www.facebook.com/clinejewelers
1 Van de Graaff,[],https://1vandegraaff.com,
Better Build Co.,['512)270-8388'],https://betterbuildco.com,https://www.facebook.com/profile.php?id=100093143553622
Dream Service Software,['+1 210-695-0795'],https://dreamservicesoftware.com,https://www.facebook.com/dreamservicecrm
Meskauskis,[],https://meskauskis.com,
The Local Man,['516) 361-9474'],https://thelocalmanjakemangan.com,
Timberwood of Naples,[],https://timberwoodofnaples.org,
Two2Brew,['1-877-662-7544'],https://two2brew.com,//www.facebook.com/sharer.php?u=https://two2brew.com/products/blendtec-bar-blender
Loyda Yu,"['9190191902919039190591906919089190991910919119191291913919149191591916919179192191931919329193391934919359194191942919439194491945919469194791948919509195191962919639197691977919789197991980919879200392004920079200892009920109201192013920149201892019920209202192022920239202492025920269202792028920299203092033920369203792038920399204092046920499205192052920549205592056920579205892059920609206192064920659206692067920689206992070920719207292074920759207892079920819208292083920849208592086920889209092091920929209392096921019210292103921049210592106921079210892109921109211192112921139211492115921169211792118921199212092121921229212392124921269212792128921299213092131921329213492135921369213792138921399214092142921439214592147921499215092152921539215492155921589215992160921619216292163921649216592166921679216892169921709217192172921739217492175921769217792178921799218292184921869218792190921919219292193921949219592196921979219892199', '01310483\n\n\n\n\n\n\xa0\n\n\n\n\n\n\n860', '619) 889-7788', '619) 475-7777']",https://loydayu.com,http://www.facebook.com/ErikaLoydaYu
Mark Henson Art,"['1 2 3 4 5 6', '707-275-2201', '707-730-8538']",https://markhensonart.com,http://www.facebook.com
TangoDown,[],https://tangodown.com,
IAmBaldianaStyles,[],https://iambaldianastyles.info,
Innovative Instructional Solutions,[],https://innovativeinstruction.org,
Lasso MD,"['888-448-8149', '888-448-8149888-448-8149']",https://lassomd.com,https://www.facebook.com/Hi.LassoMD/
Northeast Farm Services,"['149\n\n\n\n\n\n\n\n\n\n\n\n\n\n\n\n\n\n\n\n\n\n\n\n\n\n\n\n\n\n\n\n\n\n\n\n4', '8 .50 1.3', '802.754.8863']",https://nefsvt.com,https://l.facebook.com/l.php?u=https%3A%2F%2Ftinyurl.com%2FNEFS-Review%3Ffbclid%3DIwZXh0bgNhZW0CMTAAAR2MZ04anwLTflN7PakFVkg3mJg0jp5UitudS43BOj4Ooe0EBNOGZdUsxhY_aem_tiud7hH0vPa9Gqxz8_uwzw&h=AT1F0EJEuRukQQKD82INrwaqfJ0n3TsXvMOuwtXuNHLGdPZpM90coNNxPQz8shXHfL4W-OBv4a_CNLVrGGtLAwoYQNbjZQCvULYybMMGGSHs_fGKwQwBCXBSxASzt3QFKsAk&__tn__=R]-R&c[0]=AT2VwuMB2rNfgTJh7izkEjZ4-yBt1W0jPw67qAg1kplGDJkTDwCSE_UVnp5uZrRorVmo_XFcDudZEqP9iYqO3KrWXsKePI0Z9ImTFOOBYsWEze78N6tUTGA6P6ALqWyekFeHcBgvTb6Ps-JbVfS1Gt_Dd29llQd5lZ6WdsVed3Vpl6l-StfJaZLS0hPWVhCiT9pu1BxWFtf0XmPX0-aS-BXnUqmU4gRXhyLaRg
Vibrant Nutrition & Wellness LLC.,['732-829-5146'],https://yourvibrantnutrition.com,https://www.facebook.com/Dietitianinfo/
Burst Media Weddings,['208-573-9931'],https://burst-media.com,https://www.facebook.com/BurstMediaLLC/
High Tech Auto Service,[],https://hightechautoservicesantamonica.com,
Rebecca Keating - Life Coach,[],https://rebeccathebadass.com,
Tsunami Water Polo,[],https://tsunamipolo.org,https://www.facebook.com/SFTsunamiWaterPolo
Berges Enterprises Inc.,[],https://bergesenterpriseinc.com,
Brooklyn Tree Company,[],https://brooklyntreecompany.com,
City Center Waco,"['2025\n            \n            6', '254-754-8989']",https://citycenterwaco.com,https://www.facebook.com/downtownwacotx/
Better Way Homes,[],https://paysonhandyman.com,https://www.google.com/url?q=https%3A%2F%2Fwww.facebook.com%2Fpaysonhandyman%2F%3Fref%3Dpages_you_manage&sa=D&sntz=1&usg=AOvVaw00lBsIL37bVvNsYefyp_HP
S&K Design-Build,"['406) 745-7506', '406) 745-7500', '520) 742-0457', '541310. 561210', '520) 622-2590']",https://skdesignbuildllc.com,https://www.facebook.com/sktcorp
A daini,[],https://adaini.com,
Brilliantcityreiki,[],https://brilliantcityreiki.com,
GenFree LLC.,[],https://genfreellc.com,https://www.facebook.com/100137179118600
Gentzler Electric,"['214) 341-2890', '75243(214) 341-2890', '214)341-2890']",https://gentzlerelectric.com,
Moore Capital Services,[],https://moorecapitalservices.net,
Amended Beauty,['719-445-9706'],https://amendedbeauty.com,https://www.facebook.com/hue32
Beautiful Body Babes,[],https://beautifulbodybabes.com,
Charles Mann Contracting,[],https://charlesmann-contracting.com,
Growth Futures,[],https://growthfutures.net,
Jana Rose,[],https://janarose.us,
The Guinea Pig Generation,"['2018-02-19', '21.03.2018', '02.01.2018']",https://pearlcorker.wordpress.com,
Skinner Daylilies,[],https://skinnerdaylilies.com,
Tamalpais T'ai Chi,[],https://tamalpaistaichi.com,
Asahi Super Dry,[],https://asahisuperdry.com,
Dr. Rokh,"['28\n\n\n\n\n\n\n2', '57\n\n\n\n\n\n\n3', '35\n\n\n\n\n\n\n4']",https://drrokh.com,https://www.facebook.com/DoctorRokh/
HIGHWAY DISTRIBUTION,"['+1 (951)210-8167', '012345678900123456789001234567890100', '0123456789001234567890012345678900123456789001234567890', '0123456789001234567890', '012345678900123456789001234567890']",https://highwaydistribution.net,https://www.facebook.com/boldthemes/
Kelly Hohla Interiors,[],https://kellyhohlainteriors.com,https://www.facebook.com/hohlainteriors/
Lawrence Dy,"['858-449-1253', '858.449.1253']",https://lawrencedy.com,
Sullivan County Soil Water Conservation District,"['0\n\n\n\n\n\n\n\n\n\n\n\n\n\n\n\n\n\n\n0', '845) 292-6552', '845) 295-9073']",https://sullivanswcd.org,https://www.facebook.com/profile.php?id=61558103647651
Ergoactives,['305-359-5031'],https://ergoactives.com,
Global Risk Partners Insurance,"['561) 448-74102024', '877) 641-6677']",https://grpinsurance.com,
Southern Dominican Laity,[],https://laydomsouth.org,
LAKE BuOY,[],https://shoplakebuoy.com,
Tamba Samba,[],https://tambasamba.design,
Acorn Law P.C.,['805-409-3878'],https://acornlawpc.com,https://www.facebook.com/acornlaw/
AIRE LIBRE AVENUE,[],https://airelibreavenue.com,
Eric Hedlund,[],https://erichedlund.com,
Imperium Public Strategies,[],https://imperiumstrategiesllc.com,https://www.facebook.com/ImperiumPublicStrategies/
Amazing Online Offers,[],https://4v21.com,
Interior Flooring Solutions,[],https://intfloors.com,
Norcon Industries,['480.839.2324'],https://norconindustries.net,
Texas Inpatient Consultants,"['281-265-0409', '281-265-0402']",https://tic-texas.com,https://www.facebook.com/TICSugarLand/
Tri Health Balance,['248-781-0088'],https://trihealthbalance.com,
Bath People,[],https://bathpeople.com,https://www.facebook.com/bathpeople/
Bubong Store,[],https://bubongstore.com,
Cedar Work,[],https://cedarwork.org,
Helix Apartments,[],https://helixapartments.com,
Richards Service Center,[],https://richardsservicecenter.com,
TIANJIN CONSTRUCTION TECHNOLOGY CO. LTD.,[],https://epertase.com,
ID44,[],https://id44.com,
LAFLO,[],https://laflosd.com,
Beyond The Court LLC.,"['0\n\n\n\n\n\n\n\n\n\n\n\n\n\n\n\n\n\n\n0', '803) 549-0083']",https://lifeofbtc.org,https://www.facebook.com/Sterling-Council-605921499827431
Open Air Chair Repair,"['303-798-3220', '2025-01-23', '80120 303-798-3220']",https://openairchair.com,
Sushi Raw 4,[],https://sushirawsf.com,
Verve Medical,[],https://verve-medical.com,
Jared Shavelson,[],https://jaredshavelson.com,
Long Grove Country School,['847) 438-4834'],https://lgcountryschool.com,
Black Waters Cafe,['315-309-4040'],https://wanakenapinecone.wordpress.com,https://www.facebook.com/profile.php
Cleveland Heights Apartments,[],https://clevelandheightsapartments.com,
Highqualitypcs,[],https://highqualitypcs.com,
Tyler teaches com,[],https://tylerteaches.com,
86FEST,[],https://86fest.com,https://www.facebook.com/86FEST/
Elijah Vestergaard,[],https://elijahvest.com,
Hanna cho,[],https://hannacho.com,
Jason Helton,[],https://jasonheltonrealestate.com,
Realty Connect USA,[],https://kathymetzinc.com,https://www.facebook.com/
Platform Temizlik,[],https://platformtemizlik.com,
SHM Studios,[],https://shmstudios.com,
West Tubing Company,[],https://westtubingcompany.com,https://www.facebook.com/westtubingcompany
ADVANCE-TCC,[],https://advance-tcc.com,
Blue Streak Grinding,['602-353-8088'],https://bluestreakgrinding.com,
Tasha H. Moore,[],https://tashahmoore.com,
The Jewish Heritage Foundation,[],https://thejewishheritagefoundation.com,
Veritas Synergetic,[],https://veritassynergetic.com,
Wellbaum Acres Apiaries,[],https://wellbaum-apiaries.business.site,
Aroostook Technologies,[],https://aroostooktechnologies.com,https://www.facebook.com/AroostookTechnologies
Branched Oak Marina,[],https://branchedoakmarina.com,https://www.facebook.com/Branched-Oak-Marina-155307791173595/
Brandi Bailey Photos,[],https://brandibaileyphotos.com,
DAYLILY HEALTH,"['248) 556-4556', '248-556-4556']",https://daylilyhealth.org,https://facebook.com/daylilyhealth
Woodstock Masonic Lodge 246,[],https://woodstocklodge246.org,
Burke Oppenheim,[],https://burkeoppenheim.com,
Erin Gallagher Jewelry,"['3 \xa0 \xa0 \xa0 \xa0 \xa0 \xa0 \xa0 \xa0 \xa0 \xa030', '195-0773-42', '1 \xa0 \xa0 \xa0 \xa0 \xa0 \xa0 \xa0 \xa0 \xa0 \xa0 10', '312.492.7458', '2 \xa0 \xa0 \xa0 \xa0 \xa0 \xa0 \xa0 \xa0 \xa0 \xa020']",https://eringallagher.wordpress.com,http://www.facebook.com/pages/Chicago-IL/erin-gallagher-jewelry/136555849833?ref=ts
Snug Harbor,[],https://snugharborca.com,
Success Oil Company,"['800-451-9865', '818) 974-9623']",https://successoilco.com,
Thermal Process Development,['770-203-2772'],https://thermalpd.com,
Emergency International,[],https://emergencyinternational.org,
Fox Trailer Service,[],https://foxtrailerservice.com,
Nomadic Bear,['831.420.7008'],https://nomadicbearproductions.com,
Powers Family Medicine,"['+1 248.987.2958', '+1 248.482.6222']",https://powersfamilymedicine.com,http://www.facebook.com/powersmedicine
God Change,[],https://themacks.wordpress.com,
Timothy Lee,"['408) 740-0862', '12345678910']",https://timothylee.us,
Nu Image Painting,[],https://nu-imagepainting.com,
Southside Dental Care Dental Clinic,[],https://southsidedentalcare-dentalclinic.business.site,
Citadel Urban,"['210-898-4777\n\n\n\n\n\n                  503', '210-898-4777']",https://citadelurban.com,https://www.facebook.com/profile.php?id=61555742331720
Esk River NSW,"['2020\n\n\n\n\t\t24', '2003-2018', '2025\n\t\n\n\n\n\t\t0', '2020\n\t\n\n\n\n\t\t0', '2021\n\t\n\n\n\n\t\t1', '2021\n\t\n\n\n\n\t\t2', '2020\n\n\n\n\t\t23', '2020\n\t\n\n\n\n\t\t1', '2020\n\t\n\n\n\n\t\t2', '2021\n\t\n\n\n\n\t\t0', '2020\n\n\n\n\t\t27']",https://coopster.org,
Direct Jet Charter LLC.,['800-299-5381'],https://directjet.com,https://www.facebook.com/Direct-Jet-Charter-LLC-123777037688095/
SA Creative Design,['832.646.2308'],https://sacreativedesign.com,//www.facebook.com
YJ EYELASH,['203-548-1474'],https://yjlashstudio.com,https://www.facebook.com/yjlash
SF Wine Center,[],https://sanfranciscowinecenter.com,
Scenic Landscaping,[],https://sceniclandscaping.net,
Tech Synario,[],https://techsynario.com,
TEMPLO EBENEZER WESLACO,[],https://temploebenezerweslaco.com,
Cotherix,[],https://cotherix.com,
Leahy Family Dentistry,['919) 363-4204'],https://leahyfamilydentistry.com,https://www.facebook.com/leahyfamilydentistry
Ohana CRM,[],https://ohanacrm.com,
Process Design Development,[],https://pd2llc.com,
Rome Sports Hall of Fame,[],https://romesportshalloffame.com,
Studio B Salon,[],https://studiobsalon.net,
Arista,"['17.30\r\n3 (857) 899-0009', '1 (857) 899-0009', '19.00\r\n2 (857) 899-0009', '1 (857) 899-009']",https://aristacons.com,https://facebook.com/delaware
SB Mobile Nail,['805-554-9029'],https://sbmobilenails.com,
Aether Multimedia Productions LLC.,[],https://aether-multimedia-llc.business.site,
A Special Touch Florist,"['586) 254-3657        \n\n\n\n0', '586) 254-3657']",https://aspecialtouchflorist.net,https://www.facebook.com/ASpecialTouchFloristUticaMI
Cow Paddy Irish Fudge,['813-382-4158'],https://cowpaddyfudge.wordpress.com,
Marquez Kennelz,[],https://maquez-kennelz.business.site,
Tax-Masters,[],https://tax-masters.net,
Tickets Regina,[],https://ticketsregina.com,
Abuja Luxury Homes,[],https://abujaluxuryhome.com,
BEL-OZ LTD.,[],https://belozapp.com,
Harmony Star Kennel,['918-260-3665'],https://harmonystarkennel.com,
Laura Hannasch,"['2002-2025', '661) 250-2075', '91387\r\n\n\n\n(661) 250-2075', '661) 286-8610']",https://homesforsalescv.com,
1st American Mortgage Corporation,[],https://1stamc.com,
Abbeville Calendar,[],https://abbevillecalendar.com,
Apollo Streams,['801-492-6296'],https://apollostreams.com,https://www.facebook.com/Apollo-Streams-103638581396058
Fit Feet For Life,"['813) 645-1993', '813) 563-6458', '727-824-5100', '813-645-1993']",https://fitfeetflorida.com,https://www.facebook.com/FitFeetForLifeFootandAnkle/
Kayla Beehler,[],https://kaylabeehler.com,
Paris First United Methodist Church Inc.,[],https://parisfumc.org,
Joint Guard,[],https://jointguard.com,
Kus beauty,[],https://kusbeautyusa.com,
Logan Square Laundry,[],https://logansquarelaundry.com,
Greenway Magazine,[],https://mogreenway.com,
AL Advertising Diet Store,[],https://al-advertising-diet-store.com,
Artwork by Doyle,[],https://artworkbydoyle.com,
BC HINGER,[],https://bc-hinger.com,
Beauty Blueprint LLC.,[],https://beautyblueprintllc.com,
Bookkeeping Logic,['408.690.1896'],https://bookkeepinglogic.com,
Neomedia Design Group,['915) 201-2695'],https://neomedia-dg.com,https://www.facebook.com/neomedia.dg
Reve Portraits,[],https://reveportraits.com,
Rusty Skate,[],https://rustyskate.com,
Shoot Me The Vin,['877) 512-2555'],https://shootmethevin.com,
3 Leches Bakery Cafe,"['225) 572-6013', '225) 287-5355']",https://3lechesbake.com,https://www.facebook.com/3lechesbake/
Bay Point Labs,['707) 747-6081'],https://baypointlabs.com,
Big Transformer Bushings,"['330-493-1890', '1-330-493-1890', '1-330-493-1893']",https://bigtransformerbushings.com,
Feltgood Music,[],https://feltgoodmusic.com,
Lion Steel Structures,[],https://lionsteelstructuresco.com,
Fit For Royalty Cleaning LLC.,[],https://royaltycleaningva.co,
Sherri Cornett,[],https://sherricornett.com,
THE CHILD CARE COMPANY,[],https://childcarecompany.org,
Kathryn's of Mississippi Inc.,[],https://kathrynsonmoonlake.com,
Perio Gel,['63125(877) 434'],https://periogel.net,https://www.facebook.com/PerioProtect
Prashner CPA,"['512-326-1440', '2018-2020']",https://prashnercpa.com,https://www.facebook.com/Barbara-Prashner-CPA-PC-128144142015
Whittier Alaska Shuttle,"['1-907-350-6010', '1-888-257-8527']",https://whittiershuttle.com,
Aether Advisors,[],https://aetheradvisors.com,
Humboldt County Real Estate Agent,[],https://ageanabrett.com,
Crossroads RV Park,[],https://crossroadsrvpk.com,
Fight Guard Network,"['877-303-6180', '714-457-5391']",https://fightguard.net,
Black Mold Busters,[],https://nationalcapitalfitday.com,
Crust & Buns,[],https://ordercrustandbuns.com,
Seattle Candle Company,[],https://seattlecandle.com,
Needle House,"['77005\n713-522-9704', '2007-2025']",https://theneedlehouse.com,
Allstar Simulators,"['678-332-6840', '2004-2025']",https://allstarbp.com,https://www.facebook.com/allstarsimulators
Dallas Surgical Group,"['2005-2022', '214) 350-6672', '214) 350-6672\n 8140']",https://dallassurgicalgroup.com,
David & Tracy,[],https://daveandtracy.org,
Garage Door Repair Wayne NJ,['973) 319-7770'],https://garagedoor-repair-waynenj.com,
Tennessee Junior Science and Humanities Symposium,"['37996 (865) 974-9493', '37996 865-974-1000']",https://jshs-tn.utk.edu,https://www.facebook.com/tnjrscihum/
J.T. H EATER,[],https://jtheater.com,
RR Dance STUDIO DJ Services,['843) 503-9616'],https://randrdance.com,https://www.facebook.com/676206005802894
SBS Transport,[],https://sbstransportllc.com,https://www.facebook.com/101932885163238
When 2 Hearts Beat,[],https://when2heartsbeatas1.org,
A Break Disability and Respite,"['616 183 049', '156 161 830 49', '0428 280 474', '4050010372']",https://abreakdisabilityandrespite.com,
Aestatix,[],https://aestatix.com,
Cadott Family Restaurant,"['715) 978-0027\n\n\n\n\n\n\n\n\n\n\n\n641', '54727(715) 978-0027']",https://cadottfamilyrestaurant.com,https://www.facebook.com/cadottfamilyrestaurant/
Figureitoutagency,[],https://figureitoutagency.com,
Galleon contracting,[],https://galleongc.com,
Jadyn Bags,[],https://jadynbags.com,https://www.facebook.com/jadynbags
Liverpool Community Church,[],https://liverpoolchurch.com,
C&W Energy Solutions,['480-998-1694'],https://cwenergyusa.com,https://www.facebook.com/cwenergyusa/
Indi Young,[],https://indiyoung.com,
New Asian Ju Yuan,['763-595-8888'],https://newasianjuyuan.com,
Simplicity Movers,[],https://simplicitymovers.com,
Smart Divorce Strategy,[],https://smartdivorcestrategy.com,
Tandoor Indian Grill - Millcreek,[],https://tandoorrestaurants.com,https://facebook.com/tandoorgrill
Tribe of Dan Tours,[],https://tribeofdantours.com,
Boyett Treatment Center,[],https://boyettrecovery.com,
Erika Marsh Pitman,"['704-576-1671', '704-602-0219']",https://erikashome.com,
Hillcrest Baptist Church,['217 491 3343'],https://hbcofrochester.org,https://www.facebook.com/JesuslovesRochester/
Little Feet Forest School,"['303)358-8200(303)358-8200', '2024-2025']",https://littlefeetforestschool.org,
Motini Designs,[],https://motinidesigns.com,
National Carousels,[],https://nationalcarousels158.com,
20 20 Relining,[],https://2020relining.com,
Advance Network Support,"['786-426-3492', '786-426-3492\n305-306-6487\n305-306-6487', '786-426-3492\n786-426-3492']",https://advancenetsupport.com,https://www.facebook.com/profile.php?id=100064803528337
Dr. Tom Pastor,['612-314-3739'],https://drtompastor.com,
Mott & Shay Inc.,[],https://mottshay.com,
Pats CRAP,[],https://patscrap.co.uk,
Rethinking Wealth,"['305-333-0457', '340 \n\n\n\n\n\n\n\n\n\n\n\n3']",https://rethinkingwealth.org,https://www.facebook.com/inkaspraytan
Central Coast MD,"['2015 - 2022', '805) 569-7567', '805) 296-3550', '805) 739-3436', '805) 450-3322', '805) 569-7477', '805) 473-7670', '805) 542-6392', '805) 546-7723', '805) 434-1491']",https://centralcoastmd.com,
Re-Elect Ellen Minetto,[],https://ellen4wcsd.com,
Missing Link,[],https://missinglnk.com,
Morvarid shop,[],https://themorvarid.com,
PhotoBooth Unlimited,"['651) 363-7249', '951) 412-1624']",https://thephotoboothunlimited.com,https://m.facebook.com/PhotoBooth-Unlimited-108576848318847/
URTUBIA & VIELMA,[],https://urtubiavielma.com,
Andmarketers,[],https://advertiserandmarketersplatform.com,
Carved Souls,[],https://carvedsoulsmusic.com,https://www.facebook.com/CarvedSoulsOfficial/
Assembly ninjas,['909) 278-9985'],https://assemblyninja.com,
BioDyn Lifesciences,[],https://biodyn-lifesciences.com,
Pastore Houldsworth & Co.,[],https://pastorecompany.com,
Sheet Metal Workers International Association Local 399,['843.554.4418'],https://sheetmetallocal399.com,https://www.facebook.com/local399/?fref=ts
Sweet Adelines International,[],https://sweetadswebcast.com,http://facebook.com/sweetadelinesintl
Greenissue,[],https://greenissue.eu,
Kcc Tibetan Buddhist Center,[],https://kcc.org,
River Valley RV Park TX,[],https://river-valley-rv-park-tx.business.site,
Scent Village,['702.296.6326'],https://scentvillage.com,
VIRTEK COMPANY,['800-844-9182'],https://virtekcompany.com,
Saipa NYC,[],https://saipanyc.com,
The Hidden Gallery,[],https://hiddengallerywines.com,https://www.facebook.com/hiddengallerywines
Kris Tyler WaterColor,['602) 430-2769'],https://kristyler.com,https://www.facebook.com/#
Perspicacity Labs,[],https://perspicacitylabs.com,
The Untamed Creative,[],https://theuntamedcreative.co,
Angela Brite,[],https://angelabrite.com,
Clovercutsandcolor,[],https://clovercutsandcolor.com,
Macazan,[],https://macazancorp.com,
NG-CHM,[],https://ngchm.net,https://www.facebook.com/NextGenerationClusteredHeatMap
Project Gestalt Inc.,[],https://projectgestalt.com,
Ridgeline Home Inspection Services,"['920) 609-4799', '54111(920) 609-4799']",https://ridgelinehomeinspect.com,
Serena Pezzato,[],https://serenapezzato.com,
The Blueprint Shop LLC.,[],https://theblueprintshop.com,
Your Tow Company,['98072(425) 821-9004'],https://yourtowcompany.com,https://www.facebook.com/yourtowcompany
Designedbycarla,[],https://designedbycarla.com,https://www.facebook.com/designedbycarla
Barbara C. Jones,"['703-222-3393', '703-222-1101']",https://joyfuladoptions.com,
Kirkus Reviews,[],https://king-alexander.com,
Signature Sport Surfaces,[],https://signaturesportsurfaces.com,
Why Messa,"['07203\r\n908.300.3900', '19144\r\n(215) 844-1614', '08221\r\n(856) 810-9555', '19103\r\n(215) 568-3500\n475', '08107\r\n(856) 833-0600', '19426\r\n(215) 940-7700', '08003\r\n856.810.9500', '19335\r\n(610) 518-5328']",https://whymessa.com,
De Pere VFW,[],https://deperevfw.net,
Forrest Pierce Composer,[],https://forrestpierce.com,
Northside Meadows,[],https://northsidemeadows.com,
SNFData,"['2021 - 43', '2023 - 12', '2004 - 2024', '2022 - 205']",https://snfdata.com,
TAAM,[],https://taam.org,https://www.facebook.com/100064335412739
Interdisciplinary Archaeology Program,[],https://archaeology.virginia.edu,
Apex Home Inspection,[],https://myapexhomeinspection.com,
Rivertowns Speech an,[],https://rivertownslp.com,
Scotts Bluff County Scanner,"['940-224-6315', '940-224-6211']",https://scottsbluffcountyscanner.com,https://facebook.com/panhandlescanner
Forex Trader Blogging,[],https://bloggingforextrader.com,
Green Graphixz Clothing Company,[],https://green-graphixz-clothing-company.business.site,
OG Barber,[],https://ogcut.com,
50 G-GIRLS,[],https://50ggirls.com,
Allure Design,['2019-06-04 15'],https://alluredesign.org,
Table Rock Lake Home Search,[],https://moving2branson.com,
ROLAND FELDMAN,[],https://roland4fairview.com,
Beez Needz,['2339)3662'],https://beezneedz.com,
Calluna Kennels,['617-921-6197'],https://callunakennels.com,https://www.facebook.com/101521885534293
Loeber,"['2015\t\t\t\t\t\t\t\t\t\n\n\n\n\n\n100\n\n\n\n45', '2005\t\t\t\t\t\t\t\t\t\n\n\n\n\n\n5000\n\n\n\n45', '2015\t\t\t\t\t\t\t\t\t\n\n\n\n\n\n18000\n\n\n\n45', '1967            \n\n                1990            \n\n                2000            \n\n                2005            \n\n                2010            \n\n                2015', '+852 69042300', '2015\t\t\t\t\t\t\t\t\t\n\n\n\n\n\n48000\n\n\n\n45', '38000\n\n\n\n65000\n\n\n\n65', '878-0910-0770', '1990\t\t\t\t\t\t\t\t\t\n\n\n\n\n\n118000\n\n\n\n45', '2015\t\t\t\t\t\t\t\t\t\n\n\n\n\n\n67000\n\n\n\n70', '5 2000\t\t\t\t\t\t\t\t\t\n\n\n\n\n\n190000\n\n\n\n45', '4 1990\t\t\t\t\t\t\t\t\t\n\n\n\n\n\n125000\n\n\n\n45', '2015\t\t\t\t\t\t\t\t\t\n\n\n\n\n\n8000\n\n\n\n45', '1967\t\t\t\t\t\t\t\t\t\n\n\n\n\n\n155000\n\n\n\n45', '18000\n\n\n\n29000\n\n\n\n45']",https://car.hk,
Audi Nashville Service Center,[],https://audinashville.com,
Black Diamond Regulatory,"['267)251-3123', '267) 251-3123']",https://blackdiamondregulatory.com,
Dr. Megan Seltz,['10025(347) 753-4657'],https://drmeganseltz.com,
PetExplain,[],https://petexplain.com,
Rainbow Philly Wedding Officiants,['215) 870-3103'],https://rainbowphillyweddingofficiants.com,
Sincere Touch Mobile Phlebotomy LLC.,"['682) 262-1935', '682) 334-7282', '817) 939-3117']",https://sinceremobilephlebotomy.net,https://www.facebook.com/sincerephlebotomy
Aquamarine jewelry studio,[],https://aquamarinejewelrystudio.com,https://www.facebook.com/aquamarinejewelrystudio/
Christine Reid Photography,[],https://christinereidphotography.com,
Dinosaurs Field day,[],https://dolphinsdigital.org,https://facebook.com/
Down Under Pottery,['402-477-7655'],https://downunderpottery.com,https://facebook.com/Down-Under-Pottery-291748188809/
Dr. Rudlin,['804-353-1000'],https://drrudlin.com,
Interstate Truck Equipment Inc.,['30337\n404.763.2000'],https://interstatetruck.com,
Old Farmhouse Primitives,"['60.00\n        \n      \n\n\n\n\n\n\n\n\n\n\n\n\n\n\n2009', '76.00\n        \n      \n\n\n\n\n\n\n\n\n\n\n\n\n\n\n3003', '60.00\n        \n      \n\n\n\n\n\n\n\n\n\n\n\n\n\n\n2021', '76.00\n        \n      \n\n\n\n\n\n\n\n\n\n\n\n\n\n\n2051', '60.00\n        \n      \n\n\n\n\n\n\n\n\n\n\n\n\n\n\n2020', '+1 717-940-6057', '2013 - 2025', '60.00\n        \n      \n\n\n\n\n\n\n\n\n\n\n\n\n\n\n3009']",https://oldfarmhouseprimitives.com,https://www.facebook.com/OldFarmhousePrimitives
Dollar Store Children Sermons,[],https://dskidsermons.com,https://www.facebook.com/dskidsermons/
Auto Body Parts,"['168 194 501', '1 9005 9006 9007', '207 301 307 208 2008 308 408', '4 9007 9008', '73503657 0281002845 0281002437\n\n (139', '+13237447383', '3 9005 9006', '9 9004 9005']",https://autobodiparts.com,
Hidden Forest Design,[],https://hiddenforestdesign.com,
Jahmakings,[],https://jahmakingsconstruction.com,
Paint Yourself Beautiful,[],https://journey2beme.com,
Maryland Plating & Servicing Inc.,[],https://marylandplatingservicinginc.com,
THOMAS SALAZAR llc.,[],https://salazarthomas.com,
3L Notary,[],https://3lnotary.com,
Monterusso Made,[],https://creativitythroughconstraints.com,
goVirtualOffice LLC.,[],https://govirtualoffice.com,https://www.facebook.com/govirtualoffice/
Origin Golf,['760) 599-4499'],https://origingolf.com,
SECAG,['+1 (469) 708-7818'],https://secag.org,http://www.facebook.com/keenwise
The Burning Ship,[],https://theburningship.com,
G-Force Foundation,[],https://gforcefoundation.com,
Limitless Counseling Services,[],https://limitlesscounselingservices.com,
LodgeLivin,[],https://lodgelivin.com,
Southeast Benefits Education Network,[],https://sben.org,
Trusted Home Inspection,[],https://trusted-home-inspection.business.site,
Dots & Cubes,['813-857-5200'],https://dotsandcubes.com,
Forever Epoxy,"['1-(506)-878-1444', '506.850.9956', '506.878.1444']",https://foreverepoxy.com,https://www.facebook.com/epoxy.forever
Gonzalez Karate Academy,[],https://gkama.com,
Greece Residents Assisting Stray Pets,[],https://graspinc.org,https://www.facebook.com/GRASPinc
Christine Hsu REALTOR®,['512-968-9053'],https://realtorhsu.net,https://www.facebook.com/christinehsu1
Shah Impex,[],https://shah-impex.com,
Yoga with Orly,[],https://yogawithorly.com,
Happy Day Creations,['561.628.4824'],https://happydaycreations.net,https://www.facebook.com/happydaycreations
LibAnswers,"['301-738-6020\n\n\n\n301-738-6020\n\n\n\n\n\n301-799-8771', '301-799-8771']",https://libanswers.shadygrove.umd.edu,http://www.facebook.com/USGPriddyLibrary
Put it on the Glass,[],https://putitontheglass.com,
Gougeon Brothers Inc.,[],https://gougeon.com,
SONIC SHOPPER,[],https://sonicshopper.com,
Wartburg College,['50677\n800-772-2085'],https://d30ufu6vr9yoyg.cloudfront.net,http://facebook.com/WartburgCollege
Darst Properties,"['781-741-9942', '781-741-5060']",https://darstproperties.com,
Teri J. Orr,[],https://teriorr.weebly.com,
Worlds Framed By Words,[],https://worldsframedbywords.com,
Aurora Technical Services,"['281) 453-7700', '210) 729-5060\n\n\n\n \n85', '281) 453-7400\n\n\n\n \n2121']",https://auroratechservices.com,
GODS MINISTRY,[],https://godsministryfellowship.com,
Homework Ninjas,[],https://homeworkninjas.com,
Vick Carney,"['817-596-5533\n817-596-5533', '817-596-5533']",https://vickcarneylaw.com,
Azriel Asset Management,"['11234\n\n\n\n\n\n \n718-564-6232', '718-564-6232']",https://azrielassetmgmt.com,
Carretta USA,[],https://carrettausa.com,
Puppet Heap,['0\n\n\n\n\n\n\n\n\n\n\n\n\n\n\n\n\n\n\n\n0'],https://puppetheap.com,https://www.facebook.com/puppetheap/
Marin Baroque,"['1600-1750', '415.497.6634']",https://marinbaroque.org,https://www.facebook.com/marin.baroque
Corporate Event Management Inc.,[],https://myacem.com,
Par1 Cleaners,[],https://par1cleaners.business.site,
Acupuncture & Oriental Massage,[],https://acupuncture-oriental-massage.business.site,
Bluemercury,[],https://bluemercury.com,https://www.facebook.com/bluemercury/
Crypto News Update,[],https://cryptonewsupdate.com,
Green Bike Rentals,[],https://greenbikerentals.com,
Rio Lento Ranch,[],https://riolentoranch.com,
Team Builder Group,[],https://teambuildergroup.com,
Vantage Property Solutions LLC.,['484-202-0710'],https://vpropertysolutions.com,http://www.facebook.com/vantagepropertysolutions
Embody Acupuncture,['917.749.2909'],https://embodyacupuncture.com,
Neil Heffernan,['2501.14877'],https://neilheffernan.net,
Payne Springs UMC,[],https://paynespringsumc.org,
Castoreclothing,[],https://castoreclothing.com,
Palacio Pet,[],https://palaciopet.com,
Wilkins Grocery,['22520\n(804) 493-8660'],https://wilkins-grocery.edan.io,
Art Glam Studio,[],https://artandglamstudio.com,
Fayreconsulting,['763.227.8959'],https://fayreconsulting.com,
It10103,[],https://it10103.wordpress.com,
Overlake Collie Club,[],https://overlakecollie.com,
Holly Tree Service. Inc.,"['10925\n \n\n\n\n\n(845) 477-2104', '845) 477-2104']",https://hollytreeservice.net,https://facebook.com/profile.php?id=100091209788929
La Lupita,[],https://lalupitaberwyn.net,
Brandi Cutrell,"['2034468-50', '912-308-8311', '603-399-504']",https://paradiseatlasttravel.com,https://www.facebook.com/Brandi-Cutrell-Cruise-Planners-1550468978606361/?fref=ts
PCI Napa,[],https://pcinapa.com,
Sanchez Lawn Care and Landscaping Services,[],https://sanchez-lawn-care-and-landscaping-services.business.site,
Carissa.hannum.therapy,"['202-677-5049', '1982133088', '0701012550', '202-656-3681']",https://carissahannumtherapy.com,
Swamp Rentals,[],https://hometheatersystemgainesville.com,
McTier Art,['706-699-0660'],https://mctierart.com,https://www.facebook.com/mctierart
My Friends and Me,[],https://myfriendsandme.net,https://www.facebook.com/myfriendsandmeinc
Superior Pest Control of Modesto,[],https://pestcontrolmodestoca.org,
Horizon International,[],https://horizon-international.com,
IMCL conference,[],https://imcl-conference.org,
kNickonwood,[],https://knickonwood.com,
Lukes Mixed Martial Arts,[],https://lukesmma.com,
Accu Built Northwest Llc.,['253) 802-4841'],https://accubuiltnw.com,
Carrie Crespo,[],https://carriecrespo.com,
Celeb Aesthetics,[],https://celebaesthetics.com,
Dorsett Chapel,['704.637.6759'],https://dorsettchapel.org,https://www.facebook.com/dorsettchapel
Hudson Lux,['+1(305) 928-0661'],https://hudsonlux365.com,https://www.facebook.com/hudsonlux365
VELA brand,[],https://velabrand.com,
A W Brueggemann Co.,[],https://awbrueggemann.com,
R-H Capital Partners,[],https://rhcapco.com,
Binti Boutique,[],https://bintiboutique.llc,
Elegant Dj Services,[],https://elegantdjservices.com,
First Christian Church Of Herrick,[],https://fccherrick.org,
Shift Kitchen & Bar,[],https://shiftflg.com,
Coastal Defense LLC.,[],https://coastaldefense.business.site,
Itlogo,[],https://itlogo.net,
Southern Urgent Care,"['843.357.4357', '912.898.2230', '912.898.2227', '843.357.4359', '912-898-2227', '2012 - 2025', '2022-07-06']",https://southernuc.com,https://www.facebook.com/SouthernUrgentCare
PRL Associates,"['607-785-8382', '607-785-8381']",https://prlassociates.net,https://www.facebook.com/PRLAssociates
Seward Lost Lake Lodge,[],https://sewardlostlakelodge.com,
Cahaba Creative Web Solutions,[],https://cahabacreative.com,
Taco Republic Kansas City,[],https://eattacorepublic.com,https://www.facebook.com/TheTacoRepublic/?ref=pages_you_manage
Ehardt's Pharmacy,[],https://ehardts.com,
Second Nature Designs,['02539508-627-6594'],https://secondnaturedesignsmv.com,https://www.facebook.com/SecondNatureDesignsMV/
SKG Fitness LLC.,['2018-2020'],https://skgfitness.training,https://www.facebook.com/SKGFitnessTraining
Crazy Builders,[],https://crazy.builders,
LAURA FOX,"['310) 205-5896', '310) 205-5812', '310) 205-5811']",https://laurafoxreel.com,
Little Red Farmhouse Gifts,[],https://littleredfarmhousegifts.net,
Ms. Confinance,[],https://msconfinance.com,https://www.facebook.com/ms.confinance/
Reflex Delivery,[],https://reflexdelivery.com,
Roll Up Door Repair,['917-791-1393'],https://rollupdoorrepairnyc.com,
Your SBA Source,[],https://yoursbasource.com,
Acifund,['818)235-1444'],https://acifund.com,
Capri Commercial Capital,['503-765-6960'],https://capricommercialcapital.com,
Cherry Creek Tributaries,[],https://cherrycreektributaries.com,
Amplified Concepts,['404-386-9801'],https://amplifiedconcepts.com,https://www.facebook.com/AmplifiedConcepts
Marriage Counseling Memphis,[],https://marriagecounselingmemphis.com,
Silver Bay Software LLC.,['2013-2014'],https://silverbaytech.com,
Border Wars Wrestling,[],https://borderwarswrestling.com,
Brentwood365,"['095)\n8903', '000)\n9149', '000)\n2904', '500)\n8928', '000)\n9104', '500)\n8903', '900)\n8736', '900)\n1767', '500)\n2408', '000)\n9046', '000)\n1593', '000)\n2017', '300)\n1773', '000)\n2503', '618-531-4000', '1995-2025', '000)\n2501', '000)\n1624', '900)\n2326', '000)\n9019', '000)\n9161', '900)\n1528']",https://brentwood365.com,https://facebook.com/search618
Bub's NOLA,[],https://bubsnola.com,
Deliverance Ministry New York,[],https://deliverance-ministry-new-york.com,
Men's Mittens,[],https://glovemitten.com,
Loud and Claire,['617-416-2641'],https://loudandclaire.com,https://www.facebook.com/loudandclaire/
My Focus Psychology,[],https://myfocuspsych.com,
Xpress Benefits,['832-569-7828'],https://xpressbenefits.net,
Creston House,['800-587-2287'],https://crestonhousefl.com,https://www.facebook.com/coastalrealtyandpropertymanagement
DreamLab,['+1 (240) 796-7601'],https://dreamlab.design,https://www.facebook.com/dreamlabcreativeideas
Karrgroupco,[],https://karrgroupco.com,
PAIGE LEBLANC,[],https://paigeleblanc.com,
Quick 9,[],https://quick9.io,
Tefft Foundation,"['2005-2025', '03110\n\n\n\n\n\n\n\n\n\n\n\n\n\n\n\n\n\n\n\n\n\n\n\n\n\n\n\n\n\n\n1-603-472-3557']",https://tefftfoundation.com,
Winningham Iron & Metal,[],https://winningham-iron-metal.business.site,
Budget Mobile Home Removal & Transport,['405) 880-2041219'],https://budgetmobilehometransport.com,
FineArtsBiz,[],https://fineartsbiz.com,
Sammy Carlo's Delicatessen & Catering,[],https://sammycarlosdelicatessencatering.net,
Events By Abel,[],https://eventsbyabel.com,
APROA,[],https://aproa.org,
Fort Worth Epoxy Flooring,[],https://ftworthepoxyflooring.com,
Graphic Services Inc.,"['248.960.0077', '248) 960-0077', '48390-1652', '248) 960-0079']",https://gsiprint.com,
HelloRichmond,[],https://hellorichmond.net,
Permanent Makeup Skin by Tasia,['605-431-4825'],https://highbrow-beauty.com,https://www.facebook.com/permanentmakeupbytasia
Kikimo Incorporated.,['310) 823 - 6817'],https://kikimo.com,https://www.facebook.com/kikimoinc/
KRAMBU,['+1 (833) 457-2628'],https://krambu.com,https://www.facebook.com/Krambu-168023693759269/
Mai Hair Keratin,[],https://mhkeratin.com,
Muhlbauer Dermatopathology,[],https://muhlbauerlab.com,
Positive Side of Golf,[],https://positivesideofgolf.com,
Carolyn Lewis M,[],https://carolynlewismed.com,
Dionisio Ducusin,[],https://dionisioducusin.com,
Forsyth Veterinary Hospital,[],https://forsythvet.com,
Hits for Homeless,[],https://hitsforhomeless.com,
American Inns of Court Foundation,[],https://innsofcourt.org,
OLD TRADITION TATTOO,['323) 333-5394'],https://oldtraditiontattoo.com,https://www.facebook.com/oldtraditiontattoo?ref=br_tf
Phalanx Family Services,['773.291.1086837'],https://phalanxgrpservices.org,https://www.facebook.com/phalanxfamilyservices
Wade Smith Clarity Mortgage,"['+1 (726) 200-1005', '726) 200-1005']",https://wadeloans.com,
Destinations by Design LLC.,"['866-323-8728', '866) 323-8728', '2063964-50']",https://dbdtravel.net,https://www.facebook.com/DestinationsByDesign/
Easy Street Cookies,['248.891.0534'],https://easystreetcookies.com,https://www.facebook.com/wix
Millar and Sons Inc.,[],https://millarandsons.net,https://www.facebook.com/Millar-and-Sons-Inc-193085170723228/
Parkland Hair Clinic,[],https://parklandhairclinic.info,
Slrslingshotrentals,[],https://slrslingshotrentals.com,
Atlanticsltd,[],https://atlanticsltd.com,https://www.facebook.com/
Good Dogs Farm,[],https://gooddogsfarm.com,
Vivien Gaines Vocal Studio,['323-573-1408'],https://singinglessonstemecula.com,http://www.facebook.com/viviengainesvocalstudio
SS Mobile,[],https://ssmobile.store,
Atlanta Nephrology,[],https://atlantanephrologyassociates.com,
Brush Solutions Inc.,[],https://brushsolutions.net,https://www.facebook.com/brushsolutions
Change Points,[],https://change-points.com,
F.K Ideas,[],https://fkideas.com,
Fort Collins Shower Door,['970-217-9360'],https://fortcollinsshowerdoor.com,
PinilisHalpern,['973) 401-1111 \n\n\n\n\n\n\n\n\n\n\n \n\n\n\n\n160'],https://pinilishalpern.com,
TrueLifeTX,[],https://truelifetx.org,
17th Street Thai Sushi,[],https://17thstreetthaisushifl.com,
Colon Source,[],https://colonsource.com,
Liberty Baptist Church,"['15\n                  \n\n\n 7', '408-274-5611', '12\n                  \n\n\n10']",https://libertybaptist.org,https://www.facebook.com/LBCSanJose
Sunnirey,[],https://sunnirey.shop,
CLOUDSPEED24X7,[],https://cloudspeed24x7.com,
Gambit TC,[],https://gambittechconsulting.com,
Heather Brooks Painted Furniture,[],https://heather-brooks-painted-furniture.ueniweb.com,https://www.facebook.com/share.php?u=https%3A//heather-brooks-painted-furniture.ueniweb.com&title=Heather%20Brooks%20Painted%20Furniture
I Like Roofing,[],https://ilikeflatroofs.com,
Junior Chefs Of America,[],https://juniorchefsofamerica.org,https://www.facebook.com/juniorchefsoa
KC Cash Buyer,"['816-804-7783', '816) 804-7783']",https://kccashbuyer.com,
THE CHIMNEY MASTERS,[],https://the-chimneymasters.com,
Willow Glen Home & Garden,['95125\n408 286 1400'],https://willowglenhomeandgarden.com,http://www.facebook.com/willowglenhomeandgarden
Writing on Board,['2005-2024'],https://writingonboard.com,
JETT Business Technology,"['678) 387-5717', '770.667.6178\n\n\n\n\n\n\n \n1060', '678) 387-5715', '678.387.5715', '678.387.5717']",https://jettbt.com,https://www.facebook.com/JETTBusinessTechnology
Medical coatings,[],https://medicalcoatings.org,
RightStudent,[],https://rightstudents.org,
SoFloWeb,"['561) 290-2980', '2019 - 2025']",https://sofloweb.com,https://www.facebook.com/soflowebteam
Topbricole,[],https://topbricole.site,
BH Medical Supplies,"['201-574-700546', '18603-6724']",https://bhmedicalsupplies.com,
Color Street Carolyns Classy Nails,[],https://carolynsnails.com,https://www.facebook.com/groups/212874133793743
City Canyons,[],https://citycanyons.com,https://www.facebook.com/SynaestheticPictureShow
Blazing Star Grange,[],https://blazingstargrange.org,http://www.facebook.com/wix
Mountlake,[],https://cityofmountlaketerrace.com,
Global One Financial Solutions,[],https://globalonefinancialsolutions.com,
Handyman Express Service,['561-906-6933'],https://handymanexpressservice.net,
Kufflet,['732 219 1604'],https://kufflet.com,https://www.facebook.com/kufflet
Fabulous Hair and Weave Salon,[],https://msjudithsewins.com,
Action Comedy Films616,[],https://actioncomedyfilms.com,
Balanced Wellness,"['845) 532-4167', '1999-2015', '2015-2017']",https://balancedwellnessami.com,https://www.facebook.com/BalancedWellnessAmi
Dr. Charlie Harper,"['310) 883-4472', '90266\n\n\n\n(310) 883-4472']",https://drcharlieharper.com,https://www.facebook.com/drcharlieharper/
Coach AWE LLC.,[],https://myparee.com,
Tooth Fairy Cleaning Service,[],https://toothfairycleaningservice.com,
AMF Aviation,['931-980-1215'],https://amfaviation.com,
Cenla Dermatology,"['318) 933-3376', '71303\n\n\n\n\n \n(318) 933-3376\n\n\n\n\n \n(318) 933-3377']",https://cenladerm.com,https://www.facebook.com/CenLaDerm
Central Texas Mobile Notary,[],https://central-texas-mobile-notary-notary-public.business.site,
Crypto Broaden,[],https://cryptobroaden.com,
European Deli & Bakery,[],https://european-deli.com,
Red Rhino Movers,[],https://redrhinomovers.com,
The Greenwich,['513-221-1151'],https://the-greenwich.com,https://www.facebook.com/pages/The-Greenwich/132754124391
The Feldenkrais Center,"['7149298893', '714.929.8893']",https://thefeldenkraiscenter.com,
Asuzus,[],https://asuzus.com,
Colton Family Dental,"['909) 824-7060', '202520262027', '12345678910111213141516171819202122232425262728293031']",https://coltonfamilydental.com,
ESI Healthcare Business Solutions,['75247-3832'],https://esihealthcaresolutions.com,
Jon Fox Music,[],https://jonfoxmusic.com,
Campaign to Stop Gun Violence,[],https://campaigntostopgunviolence.org,
Clarion Marketing,[],https://clarionstl.com,
Earth Renovation & Design,"['60040 \n\n\n\n\n\n\n\n\n\n\n\n\n\n\n51', '312) 520-9918 \n\n\n\n\n\n\n\n\n\n\n\n\n\n\n\n\n\n\n51', '0.00\n\n \n\n\n\n\n\n\n\n\n\n\n\n\n\n\n\n\n\n\n\n\n\n0']",https://earthrenovation.net,
Global Trust Bank,[],https://globaltrustbnk.com,
Moreno Hills SDA,[],https://morenohillssda.org,
Romano Law,"['248) 750-0270', '248-936-2105\n30300', '248-750-0270']",https://romanolawpllc.com,
Beacon Hill Realty Group,[],https://beaconhillrealtygroup.com,
Bodega Un Click,[],https://bodegaunclick.com,
Designs by DJ,"['304-736-2550', '1\n              \n                2\n              \n                3']",https://designsbydjflorist.com,https://www.facebook.com/CustomDesignsbyDJackson/
Hunter Decuir Clover High School,[],https://hunterdecuir24.com,
Tomi Sushi,['1.310.823.8944'],https://mytomisushi.com,https://www.facebook.com/Tomi-sushi-535509370252851/
BLUE COLLAR MUSIC GROUP,['2017-2018'],https://therealbcmg.com,https://www.facebook.com/therealbcmg/
TvWeLove,[],https://tvwelove.com,
Earth Agent,[],https://earthagent.org,
Epoch Education,['94609510-338-7924'],https://epocheducation.com,https://www.facebook.com/EpochEducation
Family Intimacy,['980) 729-5240'],https://familyintimacy.com,
Mom and Pop Shop Popsicles,['0\n\n\n\n\n\n\n\n\n\n\n\n\n\n\n\n\n\n\n0'],https://mompopshop.com,https://www.facebook.com/momandpopshoptruck
Alibaba Kebab,"['716-608-3333', '716-800-2222', '716-919-1111']",https://alibaba-kebab.com,https://www.facebook.com/AlibabaKebab716
Villa Vieira,['818) 878-0300'],https://villavieira.com,
Blue Ridge Chair,[],https://blueridgechair.com,https://www.facebook.com/pages/Blue-Ridge-Chair-Works/276930045675311
Dewings Center,['143  \n\n231-768-3519'],https://dewingscenter.org,https://www.facebook.com/sharer/sharer.php?u=https://dewingscenter.org/event/great-lakes-shipwrecks-treasure-hunting-with-ross-richardson/
Htiyos,[],https://htiyos.com,
Keepsake Wedding Photography,['812) 250-9883'],https://keepsakeweddingphotography.com,https://facebook.com/keepsakeweddingphoto/
Mary Frances Spencer,['818-209-1854'],https://maryfrancespencer.com,https://www.facebook.com/mary.f.spencer.9/
Matthew Johnson CFP,[],https://mjwm225.com,
Quality Trucking Inc.,[],https://quality-trucking.com,
True Fables Pottery,[],https://truefablespottery.com,
United Cloud Technologies,[],https://unitedcloudtechnologies.com,
Bettendorf Youth Girls Basketball,[],https://bettygb.com,
JB Decker,[],https://jbdecker.com,
Royalty Landscaping & Design,[],https://royaltylandscapinganddesign.com,
Torres HVAC,[],https://torres-hvac.business.site,
Game Table Adventures,[],https://gametableadventures.com,
All-in-One Global Consulting,['469-859-4296'],https://gov.aiogoconsultingllc.com,
Outer Visions Landscape Design,['925-462-1484'],https://outervisionsdesign.com,https://www.facebook.com/outervisionslandscapedesign
Strive Lacrosse Academy,['+1 (856) 304-8673'],https://strivelacrosseacademy.com,
ANALOGIQUE SERVICES LABS,[],https://analogique.com,
Carpet Workshop of Ohio,[],https://carpetworkshopofohio.com,
Maia Schmidt,[],https://maiaschmidt.com,
The Conservancy Project,[],https://theconservancyproject.org,
Bello Casa,"['732.908.2232', '08753 732-908-2232']",https://bellocasa.com,
Castor Group LLC.,['2009 - 2018'],https://castor-group.com,
Down South Moving,[],https://down-southmoving.business.site,
Reel 'Em In Bait & Tackle,"['772-581-1027', '32958\n(772) 581-1027']",https://reeleminbaitandtackle.com,https://www.facebook.com/Reel-Em-In-Bait-Tackle-657340811058678/
The Door Southeast San Antonio,[],https://thedoorse.com,
Active Business Connections BNI,[],https://abcbni.com,
Anna Tietz,[],https://annatietzhomes.com,
ChevRV,[],https://chevrv.com,
Cousineau Forest Products,[],https://cousineauforestproducts.com,
Golden Scroll Soloists,[],https://goldenscrollsoloists.com,
Greener Shingles,[],https://greenershinglessanantonio.com,
Hill Artistry,[],https://hillartistry.com,
Fluesbrothers Chimney Service,['888-720-5830'],https://kcsweep.com,https://www.facebook.com/SureGlowStoveandChimney
MagARC,['497073537139477'],https://magarc.org,https://www.facebook.com/groups/497073537139477/
Mazalai,['510-309-6812'],https://mazalai.com,https://www.facebook.com/mazalaicorp/
Jill Michaels Dds,[],https://michaelskuceradentistry.com,
Pasta Shop Wholesale,['510) 547-1423'],https://pastashopfresh.com,https://www.facebook.com/markethallfoods
River Vallet Community Outreach Center,['0\n\n\n\n\n\n\n\n\n\n\n\n\n\n\n\n\n\n\n0'],https://rvcoc.org,
Stateline Kids,['2023\t\t\t\t\t\t\t\t\n\n\n\n10'],https://statelinekids.com,https://facebook.com/statelinekids
Canine Reproduction Center,[],https://caninereproductivecenter.com,
KOKUA Lifestyle and Nutrition,"['425)422-6895', '833)563-0471', '1790331056', '833-563-0471', '84-2943116']",https://kokuanutrition.com,https://www.facebook.com/Shelby-Slenkamp-MS-RDN-CD-104966600868165/?ref=aymt_homepage_panel&eid=ARCMWWxltXCQuWS_9YoeGhtrDkGZLg0BO_ziJ0ZQBxJLmeYTlW0y7CtpKAQz9ZM0Rg7NBf8eFiy3wlH5
DeFi Options,[],https://defioptions.org,
Mrs. Becerra,[],https://mrsbecerra.com,
ROYAL INVESTMENT GROUP INC.,[],https://royalinvestmentgroupinc.com,
Tangles-salon,[],https://tangles-salon.com,
Michael J. Teitelbaum Co.,[],https://teitelbaumco.com,
Vivid Inc.,[],https://vividsalonmadison.com,
Crazy Poke Wynwood,['786 401 7542'],https://crazypokemiami.com,https://www.facebook.com/crazypokemiami
Executive Car Service LAX,['800-878-1995'],https://executivecarservicelax.com,
Ubercigar Express,"['652 521 821', '30)\r\n                                       3', '0433 771 832', '1926\n\n\n2004', '25)\r\n                                       2', '55)\r\n                                        3', '1964\n\n\n2020']",https://ubercigar.com.au,https://www.facebook.com/groups/680435820719649/
Vitalae Healing Arts,[],https://vitalaehealingarts.com,
Ambazonia Foundation,[],https://ambazoniafoundation.org,
CEPStone LLC.,[],https://cepstone-llc.com,
Dj's General service llc.,[],https://djs-general-service-llc.business.site,
Graphic Montzter,[],https://graphicmontzter.com,
Logicworks,['561-202-7477'],https://logicworks.cc,
NE State Education NSEA,"['402-475-7611', '1-800-742-0047', '402-475-2630', '800-742-0047']",https://nsea.org,https://www.facebook.com/nsea.org
RJ's Signs,['12345\n\n\n6789101112\n\n\n13141516171819\n\n\n20212223242526\n\n\n27282930'],https://rjssigns.com,
Wheel Repair Phoenix,['602) 688-2242'],https://wheelrepairphoenix.com,
Lady of Loretto Parish,[],https://lorettola.org,
Private Directors Association,[],https://pdassociation.org,
S.P.O.T.S.,"['2025\n  \n\n\n    1', '2024\n  \n\n\n    5', '2024\n  \n\n\n    2']",https://spots.edu,https://www.facebook.com/saintphotiosseminary/
Century Web Design,[],https://centurywebdesign.net,
HoleHunter Industries,[],https://holehunterindustries.com,
Trans Tek Auto Sales,[],https://transtekautosales.com,
AVD Technologies,['+1 312 598 5611'],https://avdtechnologies.com,
CIF San Diego Section,"['2025\n\n\n\n\n\n\n\n2024', '858-292-8165']",https://cifsds.org,https://www.facebook.com/CIFSDS
MENLO-ATHERTON ECOLOGY RESEARCH OUTDOORS,[],https://meroscience.org,
Run Like Clockwork,[],https://runlikeclockwork.com,
The Masker,"['60016\n1(312)288-8383', '1(312)288-8383']",https://themasker.com,https://www.facebook.com/TheMaskerStudio
Elkins Rehabilitation & Care Center,"['304) 636-1391 2533', '304) 636-1391', '304-636-1391']",https://ercc.biz,https://www.facebook.com/ElkinsRehabilitationandCareCenter/
Florida Loan Signing,[],https://floridaloansigning.com,
Kathryn Ann Designs,[],https://kathrynanndesigns.com,https://facebook.com/Kathrynanndesignsfun
LYNNA VO,['29 \n            7'],https://lynnavo.com,http://facebook.com/lynnavo
Hishiyakuwaku,[],https://mejina.net,
ROLLMAN & CONYERS LLC.,[],https://rollmanconyers.com,
C Squared Networks,['1-800-992-0970'],https://csquarednetworks.com,
Gallery Collage,[],https://gallerycollage.com,
Palestine Solidarity Committee,[],https://harvardpsc.com,
OSALRA,[],https://osalra.com,
Qualified Portable Garages,[],https://qualifiedportablegarages.com,
Enigo,[],https://enigomusic.com,https://www.facebook.com/enigomusic/
Harlon Group,[],https://harlongroup.com,
LifeGPA LLC.,[],https://marketing-page-lindsey.vercel.app,
REEL SAFARI'S CHARTERS LLC.,[],https://reelsafarischarters.com,
River Park Utilities,"['386-546-0426', '386-467-9113']",https://rpuma.org,
The CEO Salon,[],https://theceosalon.com,https://www.facebook.com/theCEOsalon/
Whitwell Accounting LLC.,[],https://whitwell-accounting-llc.business.site,
Bellevue Independent School District,[],https://bellevueisd.org,
Denham's Florist,['706) 685-0182'],https://denhamsflorist.com,https://www.facebook.com/pages/Denhams-Florist/280490905379085
Groundswell Global Research,['+1 (949) 412 2247'],https://groundswellglobalresearch.org,
H&G Logistics,[],https://h-glogistics.com,
MTC ECOLE,[],https://mtcdz.net,
Mt Zion Baptist Church,[],https://mtzionbaptistrentz.com,https://www.facebook.com/sharer/sharer.php?u=https://www.mtzionbaptistrentz.com/events-1/addington-place-of-dublin-ministry-2025-04-06-15-30&quote=Check%20out%20this%20event.%20Hope%20to%20see%20you%20there!
Designer Notable ZURB Inc.,[],https://myzerly.com,
Yroox,[],https://yroox.com,
Eva Doyle MBA,[],https://evadoyle.com,
The Michaels Organization,"['844) 599-1596', '98252\n(844) 599-1596']",https://liveatmontclairapt.com,https://www.facebook.com/TheMichaelsOrg
Monterey Peninsula Board Care,[],https://montereypeninsulaelderlyhome.com,
Ogawa Design Agency,"['2006-2025', '33137(786) 220-1295', '2006-2021', '33138(786) 220-1295']",https://ogawadesign.com,https://www.facebook.com/pages/Ogawa-Design-Agency/169976023547
APENFT,['9725371126'],https://allyourblogging.com,
Ariati,[],https://drariatirakic.com,
Harper Financial Associates LLC.,"['3002121866', '781) 435-2000']",https://harperfinancialassociates.com,
Lone Peak Doodles,['858)-314-8332'],https://lonepeakdoodles.com,
Soonwon Choi,[],https://schoi.mit.edu,
Subdivision 344 Mendoza LLC.,[],https://coralgablesrealestatefl.com,
James Teague,['3608520914'],https://studentvetinsurance.com,https://www.facebook.com/wix
Total Seal Piston Rings,[],https://totalseal.com,https://www.facebook.com/totalseal.pistonrings/
VGH Group,[],https://vghgroup.org,
Academy for Innovation in Education,['82-4935258'],https://aiesteam.org,https://www.facebook.com/aiesteam/
Becky Nadesan,[],https://beckynadesan.com,
Cori Carl,[],https://coricarl.com,
Five Star Heating and Air Conditioning,['619-315-1978'],https://fivestaracsd.com,https://facebook.com/Five-Star-Heating-and-Air-Conditioning-992293414148340/
Returns Deals Inc. | Wholesalers liquidator | Sell Your Inventory,['612) 207-3540'],https://returndeals.net,
Banconex,[],https://banconex.com,
Energy Health Oriental Massage,[],https://energy-health-oriental-massage.business.site,
Jerk Kings Smoke & BBQ,[],https://jerkkingsnj.com,
Kingfisher SEO,[],https://kingfisherseo.com,
Hood River Clothing,[],https://hoodriverclothing.com,
Satya Silence,[],https://satyasilence.com,
Slushpool global,[],https://slushpoolglobal.com,
Trbism,[],https://trbism.com,
Informatichiamoci,[],https://informatichiamoci.it,
M&G Home Remodeling,[],https://mghomeremodelling.info,
My Savage Nails,[],https://mysavagenails.love,
Small Island Services,[],https://smallislandent.com,
Wine Cheese and Five more Minutes,[],https://winecheeseandfivemoreminutes.com,
French Lake Auto Parts Inc.,[],https://frenchlakeautoparts.com,
Image Works,"['608.662.4112', '800.777.1663']",https://imageworksdirect.com,https://www.facebook.com/imageworksdirect
Matt Haynes,[],https://matthaynes.uk,
Mont Capital Partners,[],https://montcapitalpartners.com,
Valley Medical Institute,"['203-378-2210', '203) 378-2210', '800) 886-8773']",https://valleymedicalinstitute.com,
Downey Group LLC.,[],https://downeygroupllc.com,
Ravenshire LLC.,[],https://ravenshire-llc.com,
Academy Of Amazement,[],https://academyofamazement.com,
AMLI Marina Del Rey,['310.775.6760\n\n\n\r\n                            4242'],https://amlimdrmarina.com,
Focus Medical Billing Services,[],https://focusmedicalbillingservices.com,
Hue Boost,[],https://hueboost.com,https://www.facebook.com/Hue-Boost-LLC-107173007758428
SG Designs Houston,[],https://sgdesignshouston.com,https://www.facebook.com/Sg-designs-houston-106312109929866/
108 PRODUCTION,[],https://108production.com,https://www.facebook.com/108Production/
Creative Health Plans,[],https://creativehealthplans.com,
Fit Civic,[],https://fitcivic.com,
Peninsula Chiropractic,"['360-385-4900', '360) 385-4900']",https://penchiroclinic.com,https://www.facebook.com/peninsulachiropracticclinic/
RM Interiors,['85215833-641-4912'],https://rmiflooring.com,https://www.facebook.com/RMInteriorsFlooring
SMV Consulting Sevices,"['1-610-880-4162', '610-880-4162', '+1 610-880-4162']",https://smv-inc.com,
Stevens Family Farm,[],https://stevensfamilyfarm.webs.com,
Association of Reformed Baptist Churches of America,"['817) 808-0684752', '76063-3203', '817) 808-0684']",https://arbca.com,https://www.facebook.com/cba1689
Divine Miniature Moments,[],https://divinemomentsdaycare.com,
Cloggers Association Inc.,[],https://ncca-inc.com,
Bentley Park Community Association,[],https://thebentleyparkcommunityassociation.org,
WHALEY GFX,[],https://whaleygfx.com,
CC Spa Therapies,['858.209.1682'],https://ccspatherapies.com,
Fine art construction,[],https://fine-art-construction.business.site,
Leslie Haywood-Moore,[],https://lesliehaywood-moore.online,
Mr. Durant Science,[],https://mrdurant.weebly.com,
Neptune Society of Northern California,['169.150.199.102'],https://neptune-society.com,
Beehive Bargains,['06416(860)-788-7886'],https://beehivebargains.com,https://www.facebook.com/BeehiveBargains
Chef Tea,['540-659-9687'],https://cheftea.com,
Gabe Yandell,[],https://gabeyandell.com,
Heri Construction,"['11784 \n\xa0(631) 603-1898', '631) 603-1898']",https://hericonstructionllc.com,
Oddwoman Nails and more,[],https://oddwomannailsandmore.com,
Northwest Georgia Regional Commission,[],https://northwest-georgia-regional-commission.business.site,
The J3 Group,[],https://thej3group.com,
HOTLINK2019,[],https://hotlink2019.com,
Brian Robert Hollenbeck,[],https://brian-hollenbeck.com,
International Media Supply,[],https://internationalmediasupply.com,
Jack Jewelry,[],https://jackjewelryinc.com,
Pacific Electric Inc.,[],https://pacificelectric.biz,
Skyline Vision Care,"['402) 933-5018', '402) 446-4600', '2001-2005']",https://skylinevisioncare.com,https://www.facebook.com/skylinevision/
Tim Halberg,[],https://timhalberg.com,
Programming Skill Professional Services,[],https://maido-shimizuya.com,
Ancient City Appraisals,[],https://ancientcityappraisals.com,
Shareaholic,[],https://bzzster.com,https://www.facebook.com/shareaholic
Caring Hands,[],https://caring-hands-seniorsolutionsgroupinc.business.site,
CDL Express Truck Rental,[],https://cdl-express.com,
Hearthstone LIVE Property,[],https://hearthstoneproperty.com,
KourCo,"['337-269-8852', '888) 269-9114', '888-269-9114']",https://kourco.com,
Ortsac Capital Group,[],https://ortsac.com,
Pioneer Property Development,[],https://pioneerpropertydevelopment.com,https://www.facebook.com/pioneerpropertydevelopment
TopTok,[],https://toptok.info,
Bates DDS,[],https://batesdds.com,
Peak Dental,[],https://peakdds.com,
Sticker Dreams,[],https://stickerdreams.com,https://www.facebook.com/stickerdream/
Webranium,[],https://webranium.co.uk,
Winged Warriors Natl. B-Body,[],https://wwnboa.org,
American Guardrail Supply,[],https://americanguardrailsupply.com,
Dombrowski Aveni & Bunnell,"['978.840.0001', '978.840.9032']",https://dablawoffice.com,
Fedorov Films,[],https://fedorovfilms.com,
Charley Gaspar Landscaping LLC.,[],https://charleygasparlandscapingllc.com,
Masterguyscardetail,[],https://masterguyscardetail.com,
HAIR & MATTHEWS POST 32,"['1900-2100', '910-568-3035', '1000-1200', '910) 527-9821']",https://post32nc.org,https://www.facebook.com/groups/Post32NC/
Colorado Living,[],https://coloradolivingblog.com,https://www.facebook.com/coloradolivingblog/ 
Concord NC Wildlife Removal,['980-245-4343'],https://concordncwildliferemoval.com,
IHOST Newyork,['212) 888-9494'],https://ihostnewyork.com,https://www.facebook.com/pages/iHostNewYork/692220950894801
JM Business Partners,[],https://jmbusinesspartners.com,
SapphireSleepovers Philipsburg Montana,[],https://sapphiresleepovers.squarespace.com,https://www.facebook.com/SapphireSleepovers/?ref=aymt_homepage_panel&eid=ARCfE7L3cyhKmxACuvTWM4H5jiUiIMQPkEt0PtaS-b7hqS2wE66fVGx9U6ef_U4yU__lW534BEjkqZ9J
Yokohama Yakitori Koubou,"['858) 277-8822', '858)277-8822']",https://yokohamayakitorikoubou.com,https://www.facebook.com/YokohamaYakitoriKoubou
Briggs Mobile Detailing,[],https://briggsmobiledetailing.com,
Kairios,[],https://kairios.com,
Lemon Grass Thai Restaurant,"['248) 335-7435', '248) 335-7435 \n\n\n\n\n\n3999']",https://lemongrassmichigan.com,https://web.facebook.com/pages/lemon-grass-thai-restaurant/170177629663270?_rdc=1&_rdr
Paws in Motion - Professional Dog Runners,[],https://pawsinmotionla.com,
Unique Services and Bounce palace,['+1-248-727-8967'],https://uniqueservices.us,https://www.facebook.com/
Curtis Taylor,[],https://curtistaylorart.com,
Direct Transport Systems Inc.,['516-852-2709'],https://directtransportsys.com,
Finishing Touch,[],https://finishingtouch.contractors,
Independent Hotel Marketing,[],https://independenthotelmarketinggroup.com,https://www.facebook.com/IndependentHotelMarketing/
ZipRealty,[],https://sandiegorealestatejobs.net,
Belanshion,[],https://belanshion.com,
HealthTrust Product and Technology,"['800.737.8661', '615.344.3000']",https://healthtrustpg.com,https://www.facebook.com/HealthTrustpg
Hillcrest Storage,[],https://hillcreststoragetn.com,
Lloyd Feinberg,"['954.981.7979', '954.328.2858']",https://lloydfeinberg.com,https://www.facebook.com/lloydfeinbergrealtor
TIFFIN 24,[],https://tiffin24.com,
Advanced Biblical Studies,[],https://advancedbiblicalstudies.net,
Advanced Exploration Solutions,[],https://aesgoldmine.com,
All Dolled Up Spa Bus LLC.,['100.000-80'],https://alldolledupspabus.com,https://www.facebook.com/LazadaIndonesia
AM Airport Parking,['95050\n (408)\n                                352-5953'],https://amairportparking.com,
CStyled,['303) 522-8659'],https://cstyled.com,https://www.facebook.com/cooperstyled/
International Self Storage,"['910) 665-8737', '910) 485-2428', '28301(910) 665-8737']",https://intlselfstorage.com,
Marina Village Yacht Harbor,"['2025-04-04 14', '169.150.199.102']",https://marinavillageharbor.com,
NY NJ Elevator Corp.,"['888) 569-3042', '888 569-3042']",https://nynjelevator.com,https://www.facebook.com/NYNJElevatorCo/
Game PC Full,['1.576.537.0'],https://gamepcfull.com,
IMPAX INC.,[],https://impaxinc.com,
Nachonomics,['2012-2024'],https://nachonomics.com,https://www.facebook.com/Nachonomics
Roman Galloway,[],https://romangalloway.com,
SafetyChain Software,['94945 888-235-7540'],https://safetychain.com,https://www.facebook.com/safetychain/
Flat Pond Publishing,[],https://flatpondpublishing.com,
Future Semiconductor Business,[],https://fsb-int.com,
Minglewood Hall Tickets,[],https://hallmemphis.org,
Howell CI,"['802-279-6093', '066.0132014', '044.0132659']",https://howellci.com,
Kalamazoo QR,[],https://kalamazoomijobs.com,
Lamm Rubenstone,[],https://lammrubenstone.com,
MyGenTxt,[],https://mygentxt.org,https://www.facebook.com/home.php#!/pages/GentXt/126974930683972
Ming-Chien Liang,[],https://mingchienliang.com,http://www.facebook.com/
Morning Light Foundation,"['626) 281-9820', '626)765-6119']",https://mlfcare.org,https://www.facebook.com/MorningLightFoundation/
MQ3 Labs,[],https://mq3labs.com,http://www.facebook.com/citrix
Nymph Yacht,[],https://nymphyacht.com,
One On One Fitness,"['29306(864) 576-3733', '864) 576-3733']",https://oneononesc.com,https://www.facebook.com/oneononefitnessllc
Patti Kavanagh,"['716-799-2878\n241', '716-799-2878\t\t\t\t\t241']",https://pattikavanagh.massagetherapy.com,
Life 360 Solutions,"['281.804.1900', '281) 804-1900']",https://pearlandcounseling.com,
Simply Thai Restaurant,"['510) 793-1698', '510) 793-1698\n\n\n6295']",https://simplythaidining.com,
Alpha Quorum,[],https://alphaquorumstore.com,
Baxland,[],https://baxland.com,
Befeni USA,[],https://befeni-usa.com,
Chugiak-Eagle River Senior Center,['2025-03-19 15'],https://chugiak.org,
Hangtown Kennel Club,['530) 622-6909'],https://hangtownkc.org,
Myrtle Beach City,[],https://myrtlebeach.city,
Word of God Church OKC,"['1.\xa0 \xa0 \xa02.\xa0 \xa0 \xa03.\xa0 \xa0 4', '405) 286-5303837']",https://wordofgodokc.com,https://www.facebook.com/wordofGodchurchokc/
Big Diamond Pools,"['713-242-9033', '77042\n\n\n\n \n8406', '77379\n\n\n\n \n1716', '713) 242-9033']",https://bigdiamondpools.com,https://www.facebook.com/profile.php?id=100054351198418
Bryn Bachman,[],https://brynbachman.com,
Imperium Jets,[],https://bytheseat.com,
Gentle Confections,[],https://gentleconfections.com,https://www.facebook.com/GentleConfections
Hair Designers Hair Salon,[],https://hairdesigners-hairsalon.business.site,
Pooches’ House,[],https://poocheshouseboutique.com,
Therm Pro,['84115\n\n\n\n(801) 268-6958'],https://thermproutah.com,
Y. T. Tang Soo Do,['972-941-45502165'],https://yttangsoodo.com,https://www.facebook.com/profile.php?id=100063741063411
Barbara Nichols M.A.,['408-550-3315'],https://barbaranichols.org,
Big Dog Boarding,[],https://big-dog-boarding.business.site,
Kidnap,['084-271-2233'],https://kiddnap.com,https://www.facebook.com/KiddNap.MintTower
KIP Learning and Activity Center,[],https://kiplearningandactivitycenter.com,
THE CHEAP GHOSTWRITER,[],https://thecheapghostwriter.com,
Black Heritage Trail of New Hampshire,[],https://blacknewengland.org,
Dr. Frank Conaway DDS,['228) 467-4670'],https://drfconaway.com,https://www.facebook.com/Dr-Frank-Conaway-1493412994061107/
Flash Wingo Comics,[],https://flash-wingo.com,
Get Razuzz,[],https://getrazuzz.com,
One For All,"['267-254-4148', '267) 254-4148']",https://oneforallartists.com,https://l.facebook.com/l.php?__tn__=-UK-R&c%5B0%5D=AT3bTqn5E5lHEdZozd1PEOjamu4LOetS3s9sTMt1nMQpTFsr1ZGnq7ucJ6jqvMraXGUe7T7xER1RLVCl84RyY4DwsRtBs5-NqXaFoJ5JNqMG8as-g4HtBY2ciYCG7TlcAoRavw6-mgTtN1NjM__xueOGSvT_6sjqJJPzJ7VFJvVbqdA&h=AT3b37TAbhxGtqA__-EQO_7VJSzrfrxRW2kQQ9c4zTwBzmH2dyUUO7QGk8ZhsJ6CHX5FpM62R28_9d7KBIMRUkStOrMZazwoS0tVj4btCKeM24XGXTNIBV7qU_s004aKD4SXKzk&u=https%3A%2F%2Fbit.ly%2F34VAP9L%3Ffbclid%3DIwAR2PgS79uvyAfGOe1urAmPdCWaDfnau0dvX8ZH8DEHI8J2lnkgfuc9B8Qa0
Sanctuary Farm Phila,"['267) 703-0194', '2337-2347']",https://sanctuaryfarmphila.org,https://www.facebook.com/SanctuaryFarmPhila/
Crab House at Pier 39,"['24 \n\n\t\t\t\t\t\t\t\t\t\t\t\t\t6', '32 \n\n\t\t\t\t\t\t\t\t\t\t\t\t\t2', '94133          \n\n415.651.2574', '105 \n\n\t\t\t\t\t\t\t\t\t\t\t\t\t1 1', '415.651.2574']",https://crabhouse39.com,https://www.facebook.com/crabhouseatpier39
Latino Youth Outreach,[],https://latinoyouthoutreach.org,https://www.facebook.com/profile.php?id=100084752890001&mibextid=ZbWKwL
Reign Volleyball,"['1)\n\n\n\n  14', '1)\n\n\n\n  12', '2)\n\n\n\n  14', '2024-2025', '352) 742-0080', '1)\n\n\n\n  15', '3)\n\n\n\n  14', '2)\n\n\n\n  11', '2)\n\n\n\n  12', '1)\n\n\n\n  13', '561) 593-0602', '4)\n\n\n\n  13']",https://reignvolleyball.com,https://facebook.com/
WibiData,[],https://wibidata.com,
Die Cut Stickers,['206) 816-3421'],https://diecutstickers.com,https://www.facebook.com/diecutstickers
Mbcollegeguidance,['315) 243-6658'],https://mbcollegeguidance.com,
THE COLLECTIVE EFFECT,['82-0616405'],https://thecollectiveeffect.org,
Dental Talent Now,[],https://dentaltalentnow.com,
Edge Insurance,[],https://edgeinsurance.biz,
Awl Snap Leather Goods,['2\n\n\n\n\n\n\n\n\n              1\n            \n              2'],https://awlsnap.com,https://www.facebook.com/awlsnap
BGK Investments,"['818) 445-9921', '888) 414-9111', '888) 335-3139']",https://bgkinvestments.com,https://www.facebook.com/ben.keisari.9
Hacienda Ilusion,['787) 354-5005'],https://haciendailusionpr.com,https://www.facebook.com/HaciendaIlusionPR/
Lae Nani 432,['808-688-6855'],https://hawaii432.com,
US Construct Group,[],https://usconstructgroup.com,
Whee Inc.,[],https://wheeinc.com,
DAFA CARGO,[],https://dafacargo.com,
MAHOGANY VACATIONS,"['33026-3342', '1\xa0 800\xa0 711\xa0 9979']",https://mahoganyvacations.com,https://facebook.com/mahoganyvacations1/
Stanger Fab LLC.,[],https://stangerfabllc.com,http://www.facebook.com/stangerfabllc
Troy Church,"['3-4)                                                   (2', '2023\t          0']",https://troychurch.net,https://www.facebook.com/pages/Troy-Church-of-Christ-Troy-Michigan/177466729614
Anthony Marlowe,[],https://anthonymarlowe.com,
Avon New York Locksmith,['585) 299-1038'],https://avonnylocksmith.com,
EXA Intelligence,['414) 840-8800'],https://exaintelligence.com,
Mann Excavating,['707-799-4711'],https://mannexcavating.com,
mIQrotech,['+1(832)269-6639'],https://miqrotech.com,
Morris Holmes & Co.,['630-525-1350'],https://morrisholmes.com,
RFA Capital,"['914) 393-4509', '2023-03-29']",https://rfacapitalcorp.com,
Amee Cleaning,"['785) 565-0000', '785) 565 0000']",https://ameecleaning.com,
Cindy Walker,"['479) 967-6969', '479) 967-2983', '479) 857-1041', '2010\n2011\n2012\n2013\n2014\n2015\n2016\n2017\n2018\n2019\n2020\n2021\n2022\n2023\n2024\n2025\n2026\n2027\n2028\n2029\n2030']",https://cindywalker.com,http://www.facebook.com/people/Cindy-Baker-Walker/616985612
Five Star Pool Liners,[],https://fivestarpoollinerswilliamstown.com,
BRP SC Johnson and Butter Buds Inc.,[],https://sustainableracine.org,
Clear Mirror Healing,[],https://clearmirrorhealing.wordpress.com,https://www.facebook.com/ClearMirrorHealing/?ref=hl
D & L Roofing and Construction LLC.,[],https://d-l-roofing-and-construction-llc.business.site,
Leal Video Productions,['510) 468-1847'],https://lealvideoproductions.com,
Body rub by Massage 213,[],https://rubpage.com,
Sagacity Stays,[],https://sagacitystays.com,
Valezio,[],https://valezio.com,
